band,cluster,mass,p_perm,sig,nPix
low,pos1,487.904691810691,0.9375,0,150
low,pos2,51.7892855941061,1,0,18
low,pos3,153.267092364059,1,0,46
low,pos4,18.3617142783799,1,0,7
low,pos5,584.660784584011,0.90625,0,199
low,pos6,30.9567391800157,1,0,12
low,pos7,28.5409827078407,1,0,11
low,pos8,20.9914665391316,1,0,8
low,pos9,238.663987762066,1,0,74
low,pos10,71.3799556318526,1,0,27
low,pos11,21.300610874778,1,0,8
low,pos12,297.934589982306,1,0,77
low,pos13,2.5767216333422,1,0,1
low,pos14,180.736826856037,1,0,59
low,pos15,501.36665108338,0.9375,0,145
low,pos16,752.035201444792,0.84375,0,235
low,pos17,405.023164470372,1,0,134
low,pos18,2.57715981791949,1,0,1
low,pos19,614.702517635943,0.90625,0,212
low,pos20,99.2979887119004,1,0,37
low,pos21,75.0006163734274,1,0,25
low,pos22,509.504354340464,0.9375,0,153
low,pos23,335.61384370414,1,0,99
low,pos24,82.1733622929505,1,0,30
low,pos25,176.265074735425,1,0,59
low,pos26,352.22839069113,1,0,121
low,pos27,74.6999916340963,1,0,27
low,neg1,-161.069314430908,1,0,41
low,neg2,-224.651396650664,1,0,79
low,neg3,-219.0207229674,1,0,73
low,neg4,-7.84549978648557,1,0,3
low,neg5,-37.1196319139993,1,0,14
low,neg6,-37.6761335938013,1,0,14
low,neg7,-13.14956543175,1,0,5
low,neg8,-5.28616518710726,1,0,2
low,neg9,-91.3357870453434,1,0,28
low,neg10,-69.4891342698581,1,0,22
low,neg11,-137.518834743379,1,0,43
low,neg12,-164.935881921979,1,0,45
low,neg13,-48.9397521183818,1,0,16
low,neg14,-13.2055447777983,1,0,5
mid,pos1,5.19282066151607,1,0,2
mid,pos2,68.805220581965,1,0,21
mid,pos3,508.634771945953,1,0,158
mid,pos4,889.095866052347,0.9375,0,241
mid,pos5,641.93743504874,1,0,172
mid,pos6,800.815866724706,0.96875,0,246
mid,pos7,183.525531929036,1,0,44
mid,pos8,53.1279251102681,1,0,18
mid,pos9,13.4916918685253,1,0,5
mid,pos10,206.860281183411,1,0,61
mid,pos11,178.212144431913,1,0,64
mid,pos12,401.93118418989,1,0,148
mid,pos13,802.683461873257,0.96875,0,236
mid,pos14,107.410327804081,1,0,37
mid,pos15,8.09135700332619,1,0,3
mid,pos16,1062.31329714688,0.875,0,260
mid,pos17,15.9950998794249,1,0,6
mid,pos18,235.582228953559,1,0,75
mid,pos19,2.60807211703974,1,0,1
mid,pos20,696.895046136975,1,0,190
mid,pos21,39.3054909986993,1,0,12
mid,pos22,14.6473698511555,1,0,5
mid,neg1,-50.8330713792362,1,0,18
mid,neg2,-2.58819083259195,1,0,1
mid,neg3,-452.826130107113,1,0,102
mid,neg4,-2.58876647638707,1,0,1
mid,neg5,-5.19046341966918,1,0,2
mid,neg6,-2.57502790558198,1,0,1
mid,neg7,-7.81388137117113,1,0,3
mid,neg8,-26.9333081538491,1,0,10
mid,neg9,-189.958914438319,1,0,51
mid,neg10,-313.957144268536,1,0,83
mid,neg11,-62.1702684468067,1,0,23
mid,neg12,-60.2441711470324,1,0,20
mid,neg13,-326.79073093498,1,0,109
mid,neg14,-82.2433211506376,1,0,30
mid,neg15,-2.60403287083392,1,0,1
mid,neg16,-417.688131970158,1,0,113
mid,neg17,-191.276182310843,1,0,56
mid,neg18,-97.8907524308516,1,0,36
mid,neg19,-153.149811172383,1,0,47
mid,neg20,-873.276996531059,0.9375,0,252
mid,neg21,-50.6951967653664,1,0,19
mid,neg22,-64.6201218307467,1,0,23
mid,neg23,-701.504864944813,1,0,193
mid,neg24,-126.091647719881,1,0,43
mid,neg25,-198.94881738836,1,0,71
high,pos1,14.8738008609563,1,0,5
high,pos2,78.5522694892436,1,0,24
high,pos3,3.34971338815641,1,0,1
high,pos4,2.93247653104924,1,0,1
high,pos5,5.3527985313875,1,0,2
high,pos6,2.81744565067506,1,0,1
high,pos7,250.136215615356,1,0,76
high,pos8,6.54825029049586,1,0,2
high,pos9,32.4083758558643,1,0,11
high,pos10,2.85338386007391,1,0,1
high,pos11,3.03016613373771,1,0,1
high,pos12,56.7906303451313,1,0,16
high,pos13,20.0248744081235,1,0,6
high,pos14,2.5757377472584,1,0,1
high,pos15,67.767908436098,1,0,18
high,pos16,3.79919414597383,1,0,1
high,pos17,15.4282400745729,1,0,5
high,pos18,27.3808361204442,1,0,7
high,pos19,2.71115300611082,1,0,1
high,pos20,2.67786045548414,1,0,1
high,pos21,3.10648842266918,1,0,1
high,pos22,64.7989493815229,1,0,17
high,pos23,192.693512515631,1,0,60
high,pos24,8.95563308606005,1,0,3
high,pos25,3.10787775020255,1,0,1
high,pos26,25.8593310998528,1,0,8
high,pos27,10.3403147226843,1,0,3
high,pos28,8.40262481362796,1,0,3
high,pos29,61.102773314982,1,0,19
high,pos30,3.07662171710283,1,0,1
high,pos31,6.3350386318901,1,0,2
high,pos32,8.06962384907142,1,0,3
high,pos33,2.65386595448202,1,0,1
high,pos34,34.2674171846737,1,0,9
high,pos35,84.7589908132594,1,0,21
high,pos36,3.09332106374748,1,0,1
high,pos37,68.6869145729888,1,0,18
high,pos38,42.9623512730198,1,0,15
high,pos39,5.5644169307287,1,0,2
high,pos40,2.58506678303506,1,0,1
high,pos41,2.75852855940655,1,0,1
high,pos42,24.5658964589311,1,0,8
high,pos43,65.4154315317902,1,0,21
high,pos44,12.6311517073863,1,0,4
high,pos45,5.61258589351834,1,0,2
high,pos46,17.5951849908551,1,0,6
high,pos47,18.6800038724696,1,0,6
high,pos48,42.8325008158046,1,0,13
high,pos49,5.87342591650279,1,0,2
high,pos50,2.99338656510214,1,0,1
high,pos51,9.51518423258159,1,0,3
high,pos52,2.94411958175011,1,0,1
high,pos53,43.0869763355797,1,0,12
high,pos54,50.1598813640536,1,0,17
high,pos55,5.34193347031489,1,0,1
high,pos56,37.1538310545311,1,0,12
high,pos57,6.43932503937592,1,0,2
high,pos58,2.59249679174826,1,0,1
high,pos59,2.64133184088682,1,0,1
high,pos60,9.04554856384245,1,0,3
high,pos61,31.5638355940509,1,0,7
high,pos62,2.57243308982039,1,0,1
high,pos63,7.94910007033257,1,0,3
high,pos64,2.58112003052202,1,0,1
high,pos65,9.05478108812795,1,0,3
high,pos66,5.86884666682447,1,0,2
high,pos67,11.4980359888806,1,0,4
high,pos68,14.3263041818588,1,0,4
high,pos69,45.8363465724192,1,0,16
high,pos70,5.31721409427344,1,0,2
high,pos71,6.30519702665516,1,0,2
high,pos72,302.404343821717,0.875,0,96
high,pos73,117.257482360816,1,0,23
high,pos74,27.5538939411687,1,0,6
high,pos75,2.6878533660815,1,0,1
high,pos76,2.64616674101781,1,0,1
high,pos77,19.3685388646909,1,0,7
high,pos78,2.7512443252515,1,0,1
high,pos79,18.6572741054127,1,0,7
high,pos80,2.60595457000258,1,0,1
high,pos81,27.16360087702,1,0,10
high,pos82,5.2725623895431,1,0,2
high,pos83,2.66447534956436,1,0,1
high,pos84,25.5850148655463,1,0,6
high,pos85,2.63556977089144,1,0,1
high,pos86,5.49231677726172,1,0,2
high,pos87,2.86479359552123,1,0,1
high,pos88,5.67874886835603,1,0,2
high,pos89,6.46362621546912,1,0,2
high,pos90,2.64655743938947,1,0,1
high,pos91,69.8066180095498,1,0,18
high,pos92,5.55745412991876,1,0,2
high,pos93,5.67630377578828,1,0,2
high,pos94,2.70627946045018,1,0,1
high,pos95,41.6415795468701,1,0,14
high,pos96,5.26645567194011,1,0,2
high,pos97,2.96801196338361,1,0,1
high,pos98,5.59634030851026,1,0,2
high,pos99,22.9992792125217,1,0,8
high,pos100,45.0181228754658,1,0,12
high,pos101,19.3686588364813,1,0,7
high,pos102,5.37227116259838,1,0,2
high,pos103,27.5538118072831,1,0,8
high,pos104,5.52516444498943,1,0,2
high,pos105,14.6806287734664,1,0,4
high,pos106,73.7996585808213,1,0,19
high,pos107,99.0108162571939,1,0,29
high,pos108,38.5090485679292,1,0,11
high,pos109,81.2022385176557,1,0,24
high,pos110,15.4376835796265,1,0,5
high,neg1,-2.65635494400134,1,0,1
high,neg2,-11.9001737822652,1,0,4
high,neg3,-12.0614934443839,1,0,4
high,neg4,-2.99438904274605,1,0,1
high,neg5,-36.089477544246,1,0,12
high,neg6,-5.61908872282078,1,0,2
high,neg7,-207.850608092644,1,0,55
high,neg8,-89.9352422657121,1,0,26
high,neg9,-2.64857971170089,1,0,1
high,neg10,-3.04672884630459,1,0,1
high,neg11,-5.53256907564607,1,0,2
high,neg12,-300.082240625514,0.875,0,74
high,neg13,-2.80665080458405,1,0,1
high,neg14,-14.4968188017505,1,0,5
high,neg15,-76.7159374577865,1,0,21
high,neg16,-7.1098652754649,1,0,2
high,neg17,-32.4730015246071,1,0,9
high,neg18,-5.40463091887157,1,0,2
high,neg19,-2.73338126199422,1,0,1
high,neg20,-54.3779297089024,1,0,17
high,neg21,-2.70759339899891,1,0,1
high,neg22,-12.9221802990016,1,0,4
high,neg23,-8.82455282680578,1,0,3
high,neg24,-7.76377743719647,1,0,2
high,neg25,-7.891710330471,1,0,3
high,neg26,-48.980245932478,1,0,15
high,neg27,-17.4636480657582,1,0,6
high,neg28,-177.122987209147,1,0,41
high,neg29,-26.1876653396751,1,0,8
high,neg30,-2.78532260492121,1,0,1
high,neg31,-13.4576757345661,1,0,5
high,neg32,-7.82522701226263,1,0,3
high,neg33,-43.5115019406298,1,0,14
high,neg34,-9.22682162115035,1,0,3
high,neg35,-242.286626162971,1,0,66
high,neg36,-85.5133420135194,1,0,26
high,neg37,-2.59942519829465,1,0,1
high,neg38,-17.068854061995,1,0,6
high,neg39,-8.94575447794348,1,0,3
high,neg40,-82.2184971078289,1,0,22
high,neg41,-8.580093659004,1,0,3
high,neg42,-35.5198136853536,1,0,11
high,neg43,-8.80486258094233,1,0,3
high,neg44,-73.9243680876666,1,0,22
high,neg45,-2.61647762312191,1,0,1
high,neg46,-53.1913259976092,1,0,15
high,neg47,-2.60328738324265,1,0,1
high,neg48,-2.57472913018805,1,0,1
high,neg49,-12.5434640169532,1,0,4
high,neg50,-56.4268668143304,1,0,15
high,neg51,-5.17814916504252,1,0,2
high,neg52,-5.30211184640186,1,0,2
high,neg53,-6.39899793231324,1,0,2
high,neg54,-2.65233291426304,1,0,1
high,neg55,-2.67892569884664,1,0,1
high,neg56,-2.85660807788742,1,0,1
high,neg57,-2.82138225232348,1,0,1
high,neg58,-10.9138840146978,1,0,4
high,neg59,-74.9740482760607,1,0,20
high,neg60,-13.8099959288812,1,0,5
high,neg61,-12.6895090450191,1,0,4
high,neg62,-28.1011518690796,1,0,10
high,neg63,-25.5331873908284,1,0,8
high,neg64,-8.28486792090122,1,0,3
high,neg65,-240.750319533668,1,0,64
high,neg66,-77.1649151265215,1,0,23
high,neg67,-81.6306591200444,1,0,24
high,neg68,-53.1213786923732,1,0,17
high,neg69,-68.1340152718744,1,0,17
high,neg70,-2.76807618980415,1,0,1
high,neg71,-48.988694895183,1,0,16
high,neg72,-100.426799012032,1,0,34
high,neg73,-24.6988123251547,1,0,9
high,neg74,-48.1160310382057,1,0,17
high,neg75,-2.6444031068847,1,0,1
high,neg76,-5.57060701928043,1,0,2
high,neg77,-2.91702729852615,1,0,1
high,neg78,-3.04197157057696,1,0,1
high,neg79,-2.76627230662141,1,0,1
high,neg80,-2.57607806270345,1,0,1
high,neg81,-50.714511020517,1,0,18
high,neg82,-45.7859877174394,1,0,14
high,neg83,-5.19809099459354,1,0,2
high,neg84,-52.0673681438623,1,0,14
high,neg85,-11.7131163092023,1,0,4
high,neg86,-14.4348983359682,1,0,5
high,neg87,-2.6339400547634,1,0,1
high,neg88,-2.82091281407431,1,0,1
high,neg89,-30.0000135929365,1,0,10
high,neg90,-26.779778283641,1,0,6
high,neg91,-11.1110849206981,1,0,4
high,neg92,-61.7424789446539,1,0,18
high,neg93,-13.2706952863688,1,0,4
high,neg94,-5.87273601870864,1,0,2
high,neg95,-24.3205631848339,1,0,7
high,neg96,-11.7049776390305,1,0,4
high,neg97,-5.49000448489053,1,0,2
high,neg98,-2.77048085456092,1,0,1
high,neg99,-38.7792103467854,1,0,12
high,neg100,-8.37689691765782,1,0,3
high,neg101,-11.1956927065624,1,0,4
high,neg102,-6.76080687830577,1,0,2
high,neg103,-2.78930308116197,1,0,1
high,neg104,-5.51160519139983,1,0,2
high,neg105,-7.15961669219239,1,0,2
high,neg106,-11.1377547493926,1,0,4
high,neg107,-58.5637693270733,1,0,18
high,neg108,-33.6300443355692,1,0,10
high,neg109,-19.4940472795876,1,0,7
high,neg110,-63.4836436485611,1,0,19
high,neg111,-31.5152340691993,1,0,11
high,neg112,-2.83383119488771,1,0,1
high,neg113,-13.4500599179941,1,0,4
high,neg114,-395.974398145007,0.625,0,130
high,neg115,-5.53394141939336,1,0,2
high,neg116,-8.14150537873392,1,0,3
high,neg117,-23.77540364221,1,0,9
high,neg118,-30.4044415586976,1,0,11
high,neg119,-5.3200431226245,1,0,2
high,neg120,-2.83910682609093,1,0,1
high,neg121,-221.140967103067,1,0,71
high,neg122,-80.1620838706834,1,0,24
high,neg123,-2.61787381965109,1,0,1
high,neg124,-51.2266142690334,1,0,14
high,neg125,-230.33545778868,1,0,64
high,neg126,-25.981177497818,1,0,7
high,neg127,-26.6692541073694,1,0,9
high,neg128,-172.56738576804,1,0,45
high,neg129,-8.14119190600784,1,0,3
high,neg130,-15.1597350100371,1,0,5
high,neg131,-52.9295923443957,1,0,17
high,neg132,-36.871896073668,1,0,13
high,neg133,-14.4680969309334,1,0,4
high,neg134,-64.7054798791187,1,0,17
high,neg135,-39.7082803394057,1,0,13
high,neg136,-32.2532790074684,1,0,10
high,neg137,-25.945681105397,1,0,8
high,neg138,-41.3476640300849,1,0,14
high,neg139,-11.1202222503714,1,0,4
high,neg140,-5.25839243795793,1,0,2
high,neg141,-26.9940998446798,1,0,9
high,neg142,-58.8890800560961,1,0,18
high,neg143,-2.58913448301061,1,0,1
high,neg144,-2.63692193061452,1,0,1
high,neg145,-2.92377424008321,1,0,1
high,neg146,-26.6927819906072,1,0,8
high,neg147,-2.72061089890255,1,0,1
high,neg148,-5.32887271727535,1,0,2
high,neg149,-94.5505008578569,1,0,27
high,neg150,-2.80809485746431,1,0,1
