metric,family,is_manipulation,n_subj,n_pos,n_neg,mean_logVarRatio,sd_logVarRatio,direction,varRatio_p,varRatio_p_fdr,varRatio_t_p,varRatio_t_p_fdr,varRatio_sign_p,mean_KS,mean_KS_centered,mean_IQRdiff,KS_combined_p,KS_combined_p_fdr,KS_centered_combined_p,KS_centered_combined_p_fdr
w1_rpowDb,window_gamma,FALSE,6,6,0,0.31282501508370514,0.19486722804840334,higher_focus,0.036031686218233556,0.28825348974586845,0.011045633855245809,0.46725615006164833,0.03125000000000001,0.18308415378354675,0.14638525383304862,0.751362774116809,0.03484001709727991,0.08555399012906509,0.519166389965418,1
w3_rpowDb,window_gamma,FALSE,6,6,0,0.25715089054938794,0.1811832488527307,higher_focus,0.036031686218233556,0.28825348974586845,0.01772468213666033,0.46725615006164833,0.03125000000000001,0.19021337388635964,0.1248243457464774,0.22926472244566462,0.03401614429779409,0.08555399012906509,0.9289862592594575,1
p3_aucZ,segment_gamma,FALSE,6,6,0,1.0300973104535442,0.7840577578533104,higher_focus,0.036031686218233556,0.28825348974586845,0.023514157878808162,0.46725615006164833,0.03125000000000001,0.4069547388698786,0.2268484097269437,0.46085280838730147,1.872333399433046e-10,1.5540367215294282e-8,0.0036034410142140594,0.09969520139325565
timeAboveMs_base,burst,FALSE,6,1,5,-0.09398387480145277,0.07494843950751685,higher_audiobook,0.05917206782585943,0.39448045217239625,0.027732884622670213,0.46725615006164833,0.21875000000000008,0.22543086983692578,0.2102424142984699,-26.833333333333332,0.004029795929363811,0.030406642012472392,0.0029077481173690467,0.09969520139325565
gammaBumpDb,gamma_power,FALSE,6,0,6,-0.27500124020516636,0.22258327887466928,higher_audiobook,0.036031686218233556,0.28825348974586845,0.02920350937885302,0.46725615006164833,0.03125000000000001,0.17633373885971082,0.1252168701866376,-0.061946486561984905,0.0596378766901694,0.11521669848585325,0.8947063991560177,1
p3_bandDb,segment_gamma,FALSE,6,0,6,-0.540241749734544,0.46145253167384576,higher_audiobook,0.036031686218233556,0.28825348974586845,0.03508805503460878,0.46784073379478375,0.03125000000000001,0.23991446974541802,0.16230425289838574,-0.25815931474497666,6.31569179687097e-4,0.007488605987718436,0.2607413757673256,1
w1_bandDb,window_gamma,FALSE,6,6,0,0.3665371702719679,0.34480686057794235,higher_focus,0.036031686218233556,0.28825348974586845,0.04802475039312789,0.5488542902071759,0.03125000000000001,0.22435359408581093,0.145499856659597,0.14005473678629388,3.3064153566053633e-4,0.00457387457663742,0.5187368341761114,1
p3_rpowZ,segment_gamma,FALSE,6,0,6,-0.43034856034493024,0.4409655983985857,higher_audiobook,0.036031686218233556,0.28825348974586845,0.06234804411831471,0.5887923820119043,0.03125000000000001,0.14084615760542904,0.14278644661496737,-0.2174489788627888,0.6700812730274112,0.7231690920301644,0.6294098692575474,1
p4_rpowZ,segment_gamma,FALSE,6,6,0,0.7149022319989182,0.8124837742756458,higher_focus,0.036031686218233556,0.28825348974586845,0.0836825744396191,0.5887923820119043,0.03125000000000001,0.21533892638990065,0.1618600609343247,0.19693565253994708,0.03504621282395437,0.08555399012906509,0.5240779988051629,1
w5_rfreqGated,window_gamma,FALSE,6,6,0,0.18102441651537274,0.20929602398884567,higher_focus,0.036031686218233556,0.28825348974586845,0.08765943199126863,0.5887923820119043,0.03125000000000001,0.20149791706689724,0.12785811779101489,0.06715365425680393,0.11421429726730847,0.18587817006248242,0.9578267674183442,1
w2_aucZ,window_gamma,FALSE,6,5,1,0.12149073428617353,0.14096129112457323,higher_focus,0.09349248368983569,0.5342427639419183,0.08849285094253338,0.5887923820119043,0.21875000000000008,0.1833252305934612,0.14909122610406916,0.022172693424377925,0.02982879823995166,0.08051644153166308,0.47882730794000083,1
w2_rpowZ,window_gamma,FALSE,6,5,1,0.12149073428617262,0.14096129112457442,higher_focus,0.09349248368983569,0.5342427639419183,0.08849285094253717,0.5887923820119043,0.21875000000000008,0.1833252305934612,0.14909122610406916,0.04434538684875792,0.029975094660658175,0.08051644153166308,0.4712425457388665,1
w3_rfreqRaw,window_gamma,FALSE,6,5,1,0.09782177194262602,0.11690141092083284,higher_focus,0.05917206782585943,0.39448045217239625,0.09567876207693445,0.5887923820119043,0.21875000000000008,0.17542256649948412,0.12977477177916044,0.8500000000000038,0.27357021298794604,0.3722348799672053,0.9143685104930072,1
w5_rfreqPW,window_gamma,FALSE,6,5,1,0.1823986127475835,0.23330817729324677,higher_focus,0.1422132419363925,0.6731597569831087,0.11365607104134445,0.6494632630933969,0.21875000000000008,0.1993025661287066,0.13043237106326275,0.7781998592995146,0.08874788296955027,0.1567249848185675,0.8306443646460498,1
chirpSlope2,chirp,FALSE,6,4,2,0.11766674255838638,0.1588606498589925,higher_focus,0.20841280368414858,0.6731597569831087,0.12935180878205138,0.689876313504274,0.6874999999999999,0.1883783520609178,0.12604001552148747,1.0037173856403712,0.10323130726185803,0.17486119393335137,0.898127564910994,1
w4_rpowDb,window_gamma,FALSE,6,4,2,0.17046433597752314,0.23913306847698174,higher_focus,0.20841280368414858,0.6731597569831087,0.14123005964328667,0.7061502982164334,0.6874999999999999,0.14863706752789452,0.1337098617972575,0.08696463966989991,0.5194473491887966,0.6256116416113208,0.7821382886810141,1
burstLatMs,burst,FALSE,6,4,2,0.24635762757055035,0.3699993223251917,higher_focus,0.2945073936801101,0.6731597569831087,0.16382948531315988,0.717757977856032,0.6874999999999999,0.2186086696655764,0.2900199844644289,73.16666666666667,0.3034231389346772,0.39974794494568583,2.9143797314112874e-5,0.0024189351770713685
p1_bandDb,segment_gamma,FALSE,6,5,1,0.26527154487702187,0.4105733148950361,higher_focus,0.20841280368414858,0.6731597569831087,0.17435581515246942,0.717757977856032,0.21875000000000008,0.20087683168778683,0.12776945678975085,-0.013778293367080882,0.00459102884080842,0.031754616148924907,0.9076345141580485,1
p4_bandDb,segment_gamma,FALSE,6,6,0,0.3448596101928249,0.5595946493579889,higher_focus,0.036031686218233556,0.28825348974586845,0.19154210177779524,0.717757977856032,0.03125000000000001,0.21438065781020477,0.1541277629445263,0.34900538756345234,0.016189692871251826,0.062226168184302266,0.918702607405124,1
p4_rpowDb,segment_gamma,FALSE,6,4,2,0.5134837407739058,0.8610918404099331,higher_focus,0.1422132419363925,0.6731597569831087,0.20393976843683653,0.717757977856032,0.6874999999999999,0.2033348337500085,0.17071472636325447,0.41296867260969755,0.02145613604863994,0.0715583338098809,0.5457874178987393,1
peakFreq,gamma_power,FALSE,6,3,3,0.15884907004815357,0.2736245904758613,higher_focus,0.40167816646977295,0.6985707242952572,0.2142880026300854,0.717757977856032,1,0.15997653146893154,0.17164585710348926,2.75,0.40466663796677893,0.5248020461131664,0.3098220526632335,1
freqJitter,ridge_frequency,FALSE,6,4,2,0.13979366280582664,0.24215424259783047,higher_focus,0.2945073936801101,0.6731597569831087,0.2164768471016209,0.717757977856032,0.6874999999999999,0.1523632288296246,0.11595859677252568,0.184724260482243,0.466631461225824,0.5780658400260208,0.9590219265111134,1
apOffset,aperiodic,FALSE,6,2,4,-0.4314655775085665,0.7482572329428316,higher_audiobook,0.2945073936801101,0.6731597569831087,0.21692770501536124,0.717757977856032,0.6874999999999999,0.26484478703611003,0.16362278955998316,-0.14029191461383866,1.8565426726768752e-4,0.003239581434183703,0.27297133547871166,1
w3_rfreqPW,window_gamma,FALSE,6,4,2,0.0800590228933746,0.1465481567321086,higher_focus,0.2945073936801101,0.6731597569831087,0.238474374096235,0.717757977856032,0.6874999999999999,0.18717539622521467,0.12821317032907312,0.7660670207894249,0.10945001664706633,0.18168702763413008,0.9889595205906616,1
w2_bandDb,window_gamma,FALSE,6,4,2,0.22414492352352833,0.43190252153243047,higher_focus,0.20841280368414858,0.6731597569831087,0.2595785911694241,0.717757977856032,0.6874999999999999,0.20583211321886358,0.13275447396013218,0.10415709005060177,0.005033841805960337,0.03213914383805446,0.7547174583206723,1
w1_rfreqPW,window_gamma,FALSE,6,5,1,0.1365802110323223,0.2683393649155244,higher_focus,0.2945073936801101,0.6731597569831087,0.2677099123251353,0.717757977856032,0.21875000000000008,0.2004796963871553,0.13610266004401356,1.386725924585343,0.0216428041608282,0.0715583338098809,0.7843936476014222,1
dutyCycle,burst,FALSE,6,4,2,0.12279836684004095,0.24238977540864873,higher_focus,0.2945073936801101,0.6731597569831087,0.269671211611717,0.717757977856032,0.6874999999999999,0.19891078815672097,0.13575504525689838,0.010406260406260422,0.012168290098985346,0.05315621464293598,0.759154159764879,1
timeAboveMs,burst,FALSE,6,4,2,0.12279836684004093,0.24238977540864878,higher_focus,0.2945073936801101,0.6731597569831087,0.26967121161171703,0.717757977856032,0.6874999999999999,0.19891078815672097,0.13575504525689838,20.833333333333332,0.010652571515901155,0.04912019087887754,0.7573744852277565,1
peakLatMs,gamma_power,FALSE,6,1,5,-0.05518453295678354,0.10961953056405502,higher_audiobook,0.40167816646977295,0.6985707242952572,0.2723395038417042,0.717757977856032,0.21875000000000008,0.14949561638157838,0.14520588176622856,-6.083333333333333,0.6708918082689477,0.7231690920301644,0.8104414188175904,1
w5_aucZ,window_gamma,FALSE,6,3,3,-0.17856475023663795,0.3740050979825915,higher_audiobook,0.40167816646977295,0.6985707242952572,0.2949205503970968,0.717757977856032,1,0.17983344027060133,0.1428252502272722,-0.04367214065445265,0.14699783356819185,0.23020415445584763,0.7398374211522518,1
w5_rpowZ,window_gamma,FALSE,6,3,3,-0.1785647502366373,0.374005097982591,higher_audiobook,0.40167816646977295,0.6985707242952572,0.2949205503970978,0.717757977856032,1,0.17983344027060133,0.1428252502272722,-0.08734428130890919,0.13770778664298777,0.2198028132955382,0.7179509248790878,1
apExp,aperiodic,FALSE,6,3,3,-0.2973026898352852,0.6367000982095047,higher_audiobook,0.5293681061847979,0.7562401516925684,0.304505288125697,0.717757977856032,1,0.21481601626244323,0.14178248826297385,-0.12970687061460018,0.013727136414121266,0.05696761611860326,0.716291980924968,1
w1_rfreqGated,window_gamma,FALSE,6,5,1,0.10328191749709519,0.22867379172274183,higher_focus,0.2945073936801101,0.6731597569831087,0.3189519829979203,0.717757977856032,0.21875000000000008,0.20064344950593993,0.15094655406874907,0.794646787218055,0.02241586360309522,0.0715583338098809,0.4694928380442239,1
peakZ,gamma_power,FALSE,6,2,4,-0.17666041661996057,0.3952686078195953,higher_audiobook,0.40167816646977295,0.6985707242952572,0.3235294538091047,0.717757977856032,0.6874999999999999,0.14160634445124978,0.12220079010830279,-0.04602428216536033,0.7028806935375801,0.7479371482515276,0.9732259125325403,1
w5_rfreqRaw,window_gamma,FALSE,6,5,1,0.14542732803590377,0.3265883060229081,higher_focus,0.2945073936801101,0.6731597569831087,0.32513865399728104,0.717757977856032,0.21875000000000008,0.22285536944401552,0.1400860642935023,0.917500000000004,0.005813083070561942,0.03216572632377608,0.6326682956382033,1
w1_rfreqRaw,window_gamma,FALSE,6,5,1,0.12377752013274088,0.27894466413011765,higher_focus,0.2945073936801101,0.6731597569831087,0.3266684592795093,0.717757977856032,0.21875000000000008,0.18433082556245975,0.12116026697291696,0.643166666666664,0.09475111588072938,0.16384047121042788,0.9796669899338283,1
w4_rfreqRaw,window_gamma,FALSE,6,4,2,0.06298430864140664,0.14367106230236779,higher_focus,0.40167816646977295,0.6985707242952572,0.3319630647584148,0.717757977856032,0.6874999999999999,0.20087273097335148,0.1407921229769976,1.3466666666666687,0.06418777394441566,0.121081482667875,0.7831525814909345,1
w4_rfreqGated,window_gamma,FALSE,6,4,2,0.09251957495447913,0.21978141076695185,higher_focus,0.40167816646977295,0.6985707242952572,0.3497473959617306,0.7330700258348464,0.6874999999999999,0.15734037986875146,0.16889181553326146,1.9315256488862051,0.5200867863997727,0.6256116416113208,0.23688195540438572,1
p1_rpowDb,segment_gamma,FALSE,6,5,1,0.09803236626152069,0.23695527887075335,higher_focus,0.20841280368414858,0.6731597569831087,0.35737163759448765,0.7330700258348464,0.21875000000000008,0.17820573779530297,0.1299608011449305,-0.11034448126786378,0.057020848332573815,0.11521669848585325,0.8157080109093384,1
p4_rfreqGated,segment_gamma,FALSE,6,2,4,-0.14532934900763994,0.3595840028673993,higher_audiobook,0.2945073936801101,0.6731597569831087,0.36763973600413946,0.7352794720082789,0.6874999999999999,0.25166106619877276,0.17330308532151875,-0.5702159597469425,0.007061846183935017,0.0366333270791629,0.3270199948613429,1
p2_bandDb,segment_gamma,FALSE,6,2,4,-0.18635272255966867,0.4741766894756619,higher_audiobook,0.2945073936801101,0.6731597569831087,0.37993243331404625,0.741331577198139,0.6874999999999999,0.16081317016708457,0.145348574140526,-0.06087755186533431,0.17451355930012558,0.2579592343325784,0.493342932911899,1
w2_rpowDb,window_gamma,FALSE,6,2,4,-0.05143705295318253,0.13811592457568567,higher_audiobook,0.5293681061847979,0.7562401516925684,0.40348324262058294,0.7612070891881565,0.6874999999999999,0.17076446347259858,0.12646774282418782,-0.5032512587568192,0.16281178702411225,0.24569778769093303,0.8937300833553391,1
p2_aucZ,segment_gamma,FALSE,6,5,1,0.44605471679042397,1.2177113434439546,higher_focus,0.2945073936801101,0.6731597569831087,0.41069763886405863,0.7612070891881565,0.21875000000000008,0.34093521057732035,0.17727626550912545,0.35722002283206333,2.9926393020685005e-5,8.279635402389518e-4,0.1833139687891947,1
w1_rpowZ,window_gamma,FALSE,6,4,2,0.08183489047153067,0.2354202928599118,higher_focus,0.40167816646977295,0.6985707242952572,0.43338391192165776,0.7612070891881565,0.6874999999999999,0.14436966677786015,0.14312565956275278,0.0739011525426591,0.609988109387832,0.713084691256198,0.6858093534362436,1
w1_aucZ,window_gamma,FALSE,6,4,2,0.0818348904715285,0.23542029285991134,higher_focus,0.40167816646977295,0.6985707242952572,0.4333839119216684,0.7612070891881565,0.6874999999999999,0.14436966677786015,0.14312565956275278,0.036950576271327695,0.6195120486857624,0.7141597227905315,0.6865963231792437,1
p3_rfreqGated,segment_gamma,FALSE,6,1,5,-0.12231970285746646,0.355429814139674,higher_audiobook,0.40167816646977295,0.6985707242952572,0.43769407628319,0.7612070891881565,0.21875000000000008,0.2693583666679656,0.1600989062657699,-1.6409195871772877,8.91122064707317e-4,0.009245391421338414,0.3903497176515516,1
w5_rpowDb,window_gamma,FALSE,6,5,1,0.12904962379085463,0.40222663331318664,higher_focus,0.2945073936801101,0.6731597569831087,0.4675229286996053,0.7957837084248601,0.21875000000000008,0.18335019769991404,0.14138022191827698,0.18765333791508076,0.02914245559865858,0.08051644153166308,0.69370861805722706,1
w4_rfreqPW,window_gamma,FALSE,6,4,2,0.047634805847693557,0.15989100628248418,higher_focus,0.5293681061847979,0.7562401516925684,0.4982795393304449,0.8169895171393916,0.6874999999999999,0.1938266815128501,0.1505517961494731,1.651246922266753,0.04927311050652572,0.11360189366782318,0.5389501603685557,1
w3_bandDb,window_gamma,FALSE,6,2,4,-0.09028329095130928,0.3229283827880843,higher_audiobook,0.5293681061847979,0.7562401516925684,0.5239052697220417,0.8169895171393916,0.6874999999999999,0.16278175386519567,0.124395514182767,-0.041720653788215246,0.2552474590721233,0.3530923183831039,0.9009921295614742,1
w5_bandDb,window_gamma,FALSE,6,4,2,0.03967635216992051,0.14428572513680823,higher_focus,0.5293681061847979,0.7562401516925684,0.5304588978346334,0.8169895171393916,0.6874999999999999,0.1828073387914033,0.13157998325345813,0.3454130324692555,0.07106470439007173,0.13107489920835452,0.8494312044995013,1
w2_rfreqGated,window_gamma,FALSE,6,4,2,0.06765578435572445,0.24783485222130391,higher_focus,0.5293681061847979,0.7562401516925684,0.5333263070419418,0.8169895171393916,0.6874999999999999,0.1515064722991552,0.15139665353842185,-0.4478357102232107,0.6667357438353287,0.7231690920301644,0.6318856357984128,1
p4_rfreqRaw,segment_gamma,FALSE,6,3,3,0.13220118839105327,0.49115931358498277,higher_focus,0.6749867139704894,0.83075287873291,0.5388479348517555,0.8169895171393916,1,0.24631444326393376,0.12738134369833204,-0.17360426530152276,0.047311663380668056,0.1121962303027271,0.9833518268481238,1
w2_rfreqRaw,window_gamma,FALSE,6,4,2,0.03652014955767634,0.13703197127681016,higher_focus,0.5293681061847979,0.7562401516925684,0.5426994702740475,0.8169895171393916,0.6874999999999999,0.16112984494604182,0.17055679064191084,-0.18966666666666634,0.2814213278956904,0.3767414550861662,0.1909000911730675,1
p3_rfreqPW,segment_gamma,FALSE,6,2,4,-0.07910980816344462,0.30366861593185246,higher_audiobook,0.5293681061847979,0.7562401516925684,0.5514679240690894,0.8169895171393916,0.6874999999999999,0.24604489764823098,0.153424983061193,-1.686553415628128,0.0012212405957783279,0.0112625521610668,0.5008551874345192,1
chirpSlope,chirp,FALSE,6,3,3,-0.08951913391382953,0.35440790991647125,higher_audiobook,0.833935414088552,0.8895311083611221,0.5632016131328407,0.819202346375041,1,0.16842814175803672,0.1282631221603302,-4.323041168658711,0.2077322195732869,0.2972719693893589,0.8737118904505035,1
p1_rpowZ,segment_gamma,FALSE,6,3,3,0.04601300540240852,0.19526113326921776,higher_focus,0.6749867139704894,0.83075287873291,0.5888067344128871,0.8291844226703428,1,0.1451212736816034,0.13494926656469763,0.014272227424755535,0.5338518549518331,0.6329957708714592,0.8103816429572448,1
w4_aucZ,window_gamma,FALSE,6,3,3,0.05922880065622476,0.26478042773081273,higher_focus,0.6749867139704894,0.83075287873291,0.6073051942471617,0.8291844226703428,1,0.1831871071219884,0.14322148305518081,0.03437371709852902,0.056823775785735386,0.11521669848585325,0.6314044738572078,1
w4_rpowZ,window_gamma,FALSE,6,3,3,0.05922880065622386,0.26478042773081145,higher_focus,0.6749867139704894,0.83075287873291,0.6073051942471652,0.8291844226703428,1,0.1831871071219884,0.14322148305518081,0.06874743419705753,0.05695469959771493,0.11521669848585325,0.6274729825815694,1
peakZ_base,gamma_power,FALSE,6,2,4,-1.189163109312082,5.447146345803867,higher_audiobook,0.833935414088552,0.8895311083611221,0.6157401688166646,0.8291844226703428,0.6874999999999999,0.22983514687469614,0.14186938440278418,1.4606851507373373,0.005438965003078722,0.03216572632377608,0.8331600767918168,1
p2_rpowDb,segment_gamma,FALSE,6,5,1,0.08650362494803063,0.4063979313011046,higher_focus,0.40167816646977295,0.6985707242952572,0.6243603021340163,0.8291844226703428,0.21875000000000008,0.17529123028031937,0.1462161501319067,0.5854450868662692,0.05620878173542598,0.11521669848585325,0.5804904637856687,1
maxBurstMs,burst,FALSE,6,2,4,0.04364835915386653,0.21594175806283114,higher_focus,1,1,0.6415064753866881,0.8291844226703428,0.6874999999999999,0.15639747971401183,0.11585547176915263,-0.3333333333333333,0.4527693201779357,0.5693917208298283,0.9853935570857125,1
p3_rfreqRaw,segment_gamma,FALSE,6,2,4,-0.05914996478585859,0.29657077316601554,higher_audiobook,0.6749867139704894,0.83075287873291,0.6458380397324422,0.8291844226703428,0.6874999999999999,0.26282400897775665,0.1530488685973705,-1.0562952435299096,1.9515550808335558e-4,0.003239581434183703,0.35406333268647805,1
p4_rfreqPW,segment_gamma,FALSE,6,4,2,0.09233926704729335,0.47343546466045816,higher_focus,0.6749867139704894,0.83075287873291,0.652982732852895,0.8291844226703428,0.6874999999999999,0.2406662461150085,0.15802941004891777,-0.4158090765529702,0.02543996949421179,0.0782043506673918,0.6866169653726004,1
w3_rfreqGated,window_gamma,FALSE,6,4,2,0.043198511850054626,0.23827524267886305,higher_focus,0.6749867139704894,0.83075287873291,0.6755421691007039,0.8444277113758798,0.6874999999999999,0.18428992501208286,0.14333353854352449,0.48239307012309024,0.1771527271922526,0.2579592343325784,0.6900804973241288,1
p1_rfreqRaw,segment_gamma,FALSE,6,3,3,-0.03387279483592675,0.20123898104417626,higher_audiobook,0.833935414088552,0.8895311083611221,0.6972005131172072,0.8545561981304391,1,0.1482454579211155,0.14466112974698567,-0.17353418662178535,0.4441989958058513,0.5672079484905486,0.5088663903771957,1
p2_rpowZ,segment_gamma,FALSE,6,2,4,-0.08324631189281675,0.5239324187696704,higher_audiobook,0.6749867139704894,0.83075287873291,0.7131565418645518,0.8545561981304391,0.6874999999999999,0.21133979230001948,0.1695471228827557,0.02469172041790953,0.016758839875430143,0.062226168184302266,0.41762613850839414,1
p1_rfreqPW,segment_gamma,FALSE,6,3,3,-0.03405863663901991,0.2223740729240935,higher_audiobook,1,1,0.7229277216783693,0.8545561981304391,1,0.14066066460340684,0.13595512093709125,-0.32474845628616106,0.6401015845100324,0.7179517772207121,0.7989237094075365,1
nBursts,burst,FALSE,6,4,2,0.07241076298211896,0.4790719356183968,higher_focus,0.833935414088552,0.8895311083611221,0.7263727684108733,0.8545561981304391,0.6874999999999999,0.27711860788443027,0.2359756549767715,0,0.16045080141807955,0.24569778769093303,0.6271553249055104,1
w2_rfreqPW,window_gamma,FALSE,6,4,2,0.016027236930591205,0.11204023154936288,higher_focus,0.5293681061847979,0.7562401516925684,0.7403193773561322,0.8583413070795736,0.6874999999999999,0.13379775739006639,0.13442230564924848,-0.5417116569834425,0.8038423639943948,0.8445432431839844,0.8071084408529001,1
p1_aucZ,segment_gamma,FALSE,6,2,4,-0.08701073397426794,0.6875276614777058,higher_audiobook,0.5293681061847979,0.7562401516925684,0.76906714787126,0.8717331761302686,0.6874999999999999,0.1921435882937358,0.13681022290308179,0.06147077192905509,0.07810596929558322,0.14093033590290016,0.8545381929331113,1
p2_rfreqGated,segment_gamma,FALSE,6,4,2,-0.032232289055941256,0.2600587313918349,higher_audiobook,1,1,0.7736631938156133,0.8717331761302686,0.6874999999999999,0.21178512746766118,0.14520884028003617,0.4486246536439656,0.010508906253946293,0.04912019087887754,0.6503502217300464,1
p2_rfreqPW,segment_gamma,FALSE,6,3,3,-0.03150400097306599,0.27560347777508176,higher_audiobook,0.833935414088552,0.8895311083611221,0.7906925835590176,0.8785473150655752,1,0.21894770776777564,0.13113183172454895,-0.036861890578252364,0.01724339600287894,0.062226168184302266,0.9208885054158309,1
p1_rfreqGated,segment_gamma,FALSE,6,4,2,0.03929643258413723,0.3665089619500808,higher_focus,0.6749867139704894,0.83075287873291,0.8033136690306826,0.8803437468829398,0.6874999999999999,0.1287580945707229,0.1357553697776152,0.15852067947699547,0.8964207599963634,0.9300365384962271,0.8308117678540361,1
p2_rfreqRaw,segment_gamma,FALSE,6,3,3,-0.02605301177284552,0.27346084517806796,higher_audiobook,0.833935414088552,0.8895311083611221,0.8247299586911007,0.8915999553417305,1,0.21379971878643253,0.12428651187464862,0.4450776957570331,0.030072405873271757,0.08051644153166308,0.9115600148395233,1
p4_aucZ,segment_gamma,FALSE,6,4,2,0.053572815825312536,0.634456940588147,higher_focus,0.833935414088552,0.8895311083611221,0.8443001765298817,0.9005868549652071,0.6874999999999999,0.4207851568100493,0.17293086199933422,0.01123893604215794,3.085856409512644e-6,1.2806304099477472e-4,0.46939225868931345,1
p3_rpowDb,segment_gamma,FALSE,6,3,3,-0.010097949190061316,0.1845870834954165,higher_audiobook,0.833935414088552,0.8895311083611221,0.8986285629298265,0.9459248030840278,1,0.16030403169578847,0.12396613201905357,0.016256498177238954,0.2199355326874085,0.3094008341195747,0.9863653941196368,1
freqSpan,ridge_frequency,FALSE,6,4,2,-0.006679934656423377,0.184701428488259,higher_audiobook,1,1,0.9328477569808507,0.9612307596179075,0.6874999999999999,0.16918901464732644,0.14444812831640183,-0.5416666666666666,0.6301589850746531,0.7164821337150166,0.8390910532097049,1
w4_bandDb,window_gamma,FALSE,6,3,3,0.014062751560464446,0.41586724355661336,higher_focus,1,1,0.9371999906274598,0.9612307596179075,1,0.20895763106346954,0.17663324247428666,0.20724260816837212,0.0015927095449765893,0.013219489223305693,0.1087211792922903,1
w3_rpowZ,window_gamma,FALSE,6,2,4,-0.005633873927730063,0.3002484234035991,higher_audiobook,0.833935414088552,0.8895311083611221,0.9651195219306254,0.9651195219306306,0.6874999999999999,0.1944253075811594,0.13846739515958978,-0.0027750548021833557,0.059690578733634814,0.11521669848585325,0.7002048954091282,1
w3_aucZ,window_gamma,FALSE,6,2,4,-0.005633873927729266,0.30024842340360014,higher_audiobook,0.833935414088552,0.8895311083611221,0.9651195219306306,0.9651195219306306,0.6874999999999999,0.1944253075811594,0.13846739515958978,-0.0013875274010924736,0.05741937904223271,0.11521669848585325,0.7048479561904237,1
anyBurst,burst,FALSE,0,0,0,NA,NA,n/a,NA,NA,NA,NA,NA,0.9942528735632183,0.9942528735632183,0,1,1,1,1
anyBurst_base,burst,FALSE,0,0,0,NA,NA,n/a,NA,NA,NA,NA,NA,0.9989711934156379,0.9989711934156379,0,1,1,1,1
gammaPeakPresent,gamma_power,FALSE,2,1,1,-0.2008566186513347,0.985660930413366,higher_audiobook,NA,NA,NA,NA,NA,0.9829724360375701,0.9829724360375701,0,0.9999999999999998,1,0.9999999999999998,1
breathLength,airflow_morphology,TRUE,6,5,1,1.350863664228316,1.4818543835004119,higher_focus,0.1422132419363925,NA,0.07588205687993993,NA,0.21875000000000008,0.5702684988141149,0.2017510508605693,0.5984166666666489,1.735689370008231e-11,NA,0.048551577772933396,NA
breathLenMs,airflow_morphology,TRUE,6,5,1,1.350863664228316,1.481854383500412,higher_focus,0.1422132419363925,NA,0.07588205687993997,NA,0.21875000000000008,0.5702684988141149,0.2017510508605693,598.4166666666491,1.7033485733009002e-11,NA,0.05288664589060832,NA
exhaleTroughMs,airflow_morphology,TRUE,6,5,1,0.49490829134251235,1.2515942254631667,higher_focus,0.40167816646977295,NA,0.37723842131080965,NA,0.21875000000000008,0.533373722572468,0.21077036126198115,198.75,3.5138558729386205e-13,NA,0.004893564768348235,NA
endSymMs,airflow_morphology,TRUE,6,5,1,0.49490829134251235,1.2515942254631667,higher_focus,0.40167816646977295,NA,0.37723842131080965,NA,0.21875000000000008,0.533373722572468,0.21077036126198115,397.5,1.6842083283563625e-13,NA,0.004305220705413948,NA
inhalePeakMs,airflow_morphology,TRUE,6,2,4,-0.34547263124524286,1.1042866896653127,higher_audiobook,0.5293681061847979,NA,0.47808756025305915,NA,0.6874999999999999,0.2426840470169695,0.18262309654655418,-7.5,2.475189915346343e-4,NA,0.07238961556247792,NA
inhaleDuration,airflow_morphology,TRUE,6,4,2,0.1915188401589931,1.451900522781397,higher_focus,0.5293681061847979,NA,0.759687475619195,NA,0.6874999999999999,0.43549103117280114,0.17684736386111904,0.14716666666666656,1.1557621526492312e-10,NA,0.13635510689583918,NA
returnCrossMs,airflow_morphology,TRUE,6,4,2,-0.045014084324169146,1.5809185194481978,higher_audiobook,0.5293681061847979,NA,0.9470999377957248,NA,0.6874999999999999,0.3454010845101865,0.20620047567522237,153.5,1.546768082605343e-5,NA,0.0099021812881106,NA
exhaleStartMs,airflow_morphology,TRUE,6,4,2,-0.045014084324169146,1.5809185194481978,higher_audiobook,0.5293681061847979,NA,0.9470999377957248,NA,0.6874999999999999,0.3454010845101865,0.20620047567522237,153.5,8.140828999581018e-6,NA,0.009363389713633374,NA
peakInspFlow,airflow_morphology,TRUE,6,3,3,0.01423337109189047,0.7117382029285135,higher_focus,0.833935414088552,NA,0.9628277693987864,NA,1,0.28561150233287536,0.1667711154846625,0.103156295872785,1.2730821768924816e-4,NA,0.2389075754616259,NA
inhaleVolume,airflow_morphology,TRUE,6,4,2,-0.018794356136737803,1.415526704023591,higher_audiobook,0.6749867139704894,NA,0.9753136430155969,NA,0.6874999999999999,0.508143780990292,0.17315802534446428,143.68982933765048,1.4188983321616888e-11,NA,0.14878490364564811,NA
