session,group,type,channel,trial,nRidgesSig,ridgeOverlap,powerDipStat,transStartMs,transEndMs,coexistStartMs,coexistEndMs,included
250929_Dupi_NMH_GH_1,DupiS1,Dupi,macBP3,1,1,0,0.671571662984048,306,412,218,616,1
250929_Dupi_NMH_GH_1,DupiS1,Dupi,macBP3,2,1,0,NaN,NaN,NaN,496,714,1
250929_Dupi_NMH_GH_1,DupiS1,Dupi,macBP3,3,1,0,NaN,NaN,NaN,2484,2732,1
250929_Dupi_NMH_GH_1,DupiS1,Dupi,macBP3,4,1,0,NaN,NaN,NaN,320,550,1
250929_Dupi_NMH_GH_1,DupiS1,Dupi,macBP3,5,1,0,NaN,NaN,NaN,786,1070,1
250929_Dupi_NMH_GH_1,DupiS1,Dupi,macBP3,6,1,0,NaN,NaN,NaN,94,268,1
250929_Dupi_NMH_GH_1,DupiS1,Dupi,macBP3,7,1,0,NaN,NaN,NaN,392,534,1
250929_Dupi_NMH_GH_1,DupiS1,Dupi,macBP3,8,1,0,NaN,NaN,NaN,280,476,1
250929_Dupi_NMH_GH_1,DupiS1,Dupi,macBP3,9,1,0,NaN,NaN,NaN,2892,3000,1
250929_Dupi_NMH_GH_1,DupiS1,Dupi,macBP3,10,1,0,NaN,NaN,NaN,1688,1794,1
250929_Dupi_NMH_GH_1,DupiS1,Dupi,macBP3,11,1,0,NaN,NaN,NaN,1684,1908,1
250929_Dupi_NMH_GH_1,DupiS1,Dupi,macBP3,12,1,0,NaN,NaN,NaN,2300,2554,1
250929_Dupi_NMH_GH_1,DupiS1,Dupi,macBP3,13,1,0,NaN,NaN,NaN,2202,2520,1
250929_Dupi_NMH_GH_1,DupiS1,Dupi,macBP3,14,1,0,NaN,NaN,NaN,2748,3000,1
250929_Dupi_NMH_GH_1,DupiS1,Dupi,macBP3,15,1,0,NaN,NaN,NaN,2332,2480,1
250929_Dupi_NMH_GH_1,DupiS1,Dupi,macBP3,16,2,1,NaN,NaN,NaN,1468,1614,1
250929_Dupi_NMH_GH_1,DupiS1,Dupi,macBP3,17,1,0,NaN,NaN,NaN,950,1140,1
250929_Dupi_NMH_GH_1,DupiS1,Dupi,macBP3,18,1,0,NaN,NaN,NaN,364,494,1
250929_Dupi_NMH_GH_1,DupiS1,Dupi,macBP3,19,1,0,NaN,NaN,NaN,1738,1988,1
250929_Dupi_NMH_GH_1,DupiS1,Dupi,macBP3,20,1,0,NaN,NaN,NaN,1006,1148,1
250929_Dupi_NMH_GH_1,DupiS1,Dupi,macBP3,21,1,0,NaN,NaN,NaN,468,688,1
250929_Dupi_NMH_GH_1,DupiS1,Dupi,macBP3,22,1,0,NaN,NaN,NaN,2,134,1
250929_Dupi_NMH_GH_1,DupiS1,Dupi,macBP3,23,1,0,NaN,NaN,NaN,2626,2774,1
250929_Dupi_NMH_GH_1,DupiS1,Dupi,macBP3,24,1,0,NaN,NaN,NaN,2,136,1
250929_Dupi_NMH_GH_1,DupiS1,Dupi,macBP3,25,1,0,NaN,NaN,NaN,2642,2908,1
250929_Dupi_NMH_GH_1,DupiS1,Dupi,macBP3,26,1,0,NaN,NaN,NaN,2,178,1
250929_Dupi_NMH_GH_1,DupiS1,Dupi,macBP3,27,1,0,NaN,NaN,NaN,138,308,1
250929_Dupi_NMH_GH_1,DupiS1,Dupi,macBP3,28,1,0,NaN,NaN,NaN,2594,2732,1
250929_Dupi_NMH_GH_1,DupiS1,Dupi,macBP3,29,1,0,NaN,NaN,NaN,2408,2586,1
250929_Dupi_NMH_GH_1,DupiS1,Dupi,macBP3,30,1,0,NaN,NaN,NaN,72,370,1
250929_Dupi_NMH_GH_1,DupiS1,Dupi,macBP3,31,1,0,NaN,NaN,NaN,2334,2506,1
250929_Dupi_NMH_GH_1,DupiS1,Dupi,macBP3,32,1,0,NaN,NaN,NaN,792,960,1
250929_Dupi_NMH_GH_1,DupiS1,Dupi,macBP3,33,1,0,NaN,NaN,NaN,2934,3000,1
250929_Dupi_NMH_GH_1,DupiS1,Dupi,macBP3,34,1,0,NaN,NaN,NaN,2238,2576,1
250929_Dupi_NMH_GH_1,DupiS1,Dupi,macBP3,35,1,0,NaN,NaN,NaN,2,186,1
250929_Dupi_NMH_GH_1,DupiS1,Dupi,macBP3,36,1,0,NaN,NaN,NaN,446,664,1
250929_Dupi_NMH_GH_1,DupiS1,Dupi,macBP3,37,1,0,NaN,NaN,NaN,2,236,1
250929_Dupi_NMH_GH_1,DupiS1,Dupi,macBP3,38,1,0,NaN,NaN,NaN,2,112,1
251002_Dupi_NMH_AB_1,DupiS1,Dupi,macBP2,1,1,0,NaN,NaN,NaN,1192,1462,1
251002_Dupi_NMH_AB_1,DupiS1,Dupi,macBP2,2,1,0,NaN,NaN,NaN,546,688,1
251002_Dupi_NMH_AB_1,DupiS1,Dupi,macBP2,3,1,0,NaN,NaN,NaN,788,984,1
251002_Dupi_NMH_AB_1,DupiS1,Dupi,macBP2,4,1,0,NaN,NaN,NaN,784,982,1
251002_Dupi_NMH_AB_1,DupiS1,Dupi,macBP2,5,1,0,NaN,NaN,NaN,1864,2026,1
251002_Dupi_NMH_AB_1,DupiS1,Dupi,macBP2,6,1,0,NaN,NaN,NaN,1562,1792,1
251002_Dupi_NMH_AB_1,DupiS1,Dupi,macBP2,7,1,0,NaN,NaN,NaN,1816,1956,1
251002_Dupi_NMH_AB_1,DupiS1,Dupi,macBP2,8,1,0,NaN,NaN,NaN,2014,2266,1
251002_Dupi_NMH_AB_1,DupiS1,Dupi,macBP2,9,1,0,NaN,NaN,NaN,2,316,1
251002_Dupi_NMH_AB_1,DupiS1,Dupi,macBP2,10,1,0,NaN,NaN,NaN,440,668,1
251002_Dupi_NMH_AB_1,DupiS1,Dupi,macBP2,11,1,0,NaN,NaN,NaN,1320,1488,1
251002_Dupi_NMH_AB_1,DupiS1,Dupi,macBP2,12,1,0,NaN,NaN,NaN,2768,2974,1
251002_Dupi_NMH_AB_1,DupiS1,Dupi,macBP2,13,1,0,NaN,NaN,NaN,2730,2904,1
251002_Dupi_NMH_AB_1,DupiS1,Dupi,macBP2,14,1,0,NaN,NaN,NaN,2038,2212,1
251002_Dupi_NMH_AB_1,DupiS1,Dupi,macBP2,15,1,0,NaN,NaN,NaN,1888,2086,1
251002_Dupi_NMH_AB_1,DupiS1,Dupi,macBP2,16,1,0,NaN,NaN,NaN,2,70,1
251002_Dupi_NMH_AB_1,DupiS1,Dupi,macBP2,17,1,0,NaN,NaN,NaN,2718,2956,1
251002_Dupi_NMH_AB_1,DupiS1,Dupi,macBP2,18,1,0,NaN,NaN,NaN,436,722,1
251002_Dupi_NMH_AB_1,DupiS1,Dupi,macBP2,19,1,0,NaN,NaN,NaN,2,310,1
251002_Dupi_NMH_AB_1,DupiS1,Dupi,macBP2,20,1,0,NaN,NaN,NaN,2,186,1
251002_Dupi_NMH_AB_1,DupiS1,Dupi,macBP2,21,1,0,NaN,NaN,NaN,2562,2806,1
251002_Dupi_NMH_AB_1,DupiS1,Dupi,macBP2,22,1,0,NaN,NaN,NaN,822,996,1
251002_Dupi_NMH_AB_1,DupiS1,Dupi,macBP2,23,1,0,NaN,NaN,NaN,276,456,1
251002_Dupi_NMH_AB_1,DupiS1,Dupi,macBP2,24,1,0,NaN,NaN,NaN,676,1512,1
251002_Dupi_NMH_AB_1,DupiS1,Dupi,macBP2,25,1,0,NaN,NaN,NaN,1666,1852,1
251002_Dupi_NMH_AB_1,DupiS1,Dupi,macBP2,26,1,0,NaN,NaN,NaN,2480,2646,1
251002_Dupi_NMH_AB_1,DupiS1,Dupi,macBP2,27,1,0,NaN,NaN,NaN,482,712,1
251002_Dupi_NMH_AB_1,DupiS1,Dupi,macBP2,28,1,0,NaN,NaN,NaN,2488,2814,1
251002_Dupi_NMH_AB_1,DupiS1,Dupi,macBP2,29,1,0,NaN,NaN,NaN,146,442,1
251002_Dupi_NMH_AB_1,DupiS1,Dupi,macBP2,30,1,0,0.878665817851992,2426,2498,2242,2630,1
251002_Dupi_NMH_AB_1,DupiS1,Dupi,macBP2,31,1,0,NaN,NaN,NaN,2,60,1
251002_Dupi_NMH_AB_1,DupiS1,Dupi,macBP2,32,1,0,NaN,NaN,NaN,588,974,1
251002_Dupi_NMH_AB_1,DupiS1,Dupi,macBP2,33,1,0,NaN,NaN,NaN,1212,1466,1
251002_Dupi_NMH_AB_1,DupiS1,Dupi,macBP2,34,1,0,NaN,NaN,NaN,890,1042,1
251002_Dupi_NMH_AB_1,DupiS1,Dupi,macBP2,35,1,0,NaN,NaN,NaN,2468,2864,1
251002_Dupi_NMH_AB_1,DupiS1,Dupi,macBP2,36,1,0,NaN,NaN,NaN,2920,3000,1
251002_Dupi_NMH_AB_1,DupiS1,Dupi,macBP2,37,1,0,NaN,NaN,NaN,2842,3000,1
251002_Dupi_NMH_AB_1,DupiS1,Dupi,macBP2,38,1,0,NaN,NaN,NaN,2,38,1
251002_Dupi_NMH_AB_1,DupiS1,Dupi,macBP2,39,1,0,NaN,NaN,NaN,400,740,1
251027_Dupi_NMH_DL_1,DupiS1,Dupi,macBP2,1,1,0,NaN,NaN,NaN,2848,3000,1
251027_Dupi_NMH_DL_1,DupiS1,Dupi,macBP2,2,1,0,NaN,NaN,NaN,844,1056,1
251027_Dupi_NMH_DL_1,DupiS1,Dupi,macBP2,3,1,0,NaN,NaN,NaN,2772,3000,1
251027_Dupi_NMH_DL_1,DupiS1,Dupi,macBP2,4,1,0,NaN,NaN,NaN,304,608,1
251027_Dupi_NMH_DL_1,DupiS1,Dupi,macBP2,5,1,0,NaN,NaN,NaN,1100,1366,1
251027_Dupi_NMH_DL_1,DupiS1,Dupi,macBP2,6,1,0,NaN,NaN,NaN,2018,2272,1
251027_Dupi_NMH_DL_1,DupiS1,Dupi,macBP2,7,1,0,NaN,NaN,NaN,342,526,1
251027_Dupi_NMH_DL_1,DupiS1,Dupi,macBP2,8,1,0,NaN,NaN,NaN,2,320,1
251027_Dupi_NMH_DL_1,DupiS1,Dupi,macBP2,9,1,0,NaN,NaN,NaN,2508,2884,1
251027_Dupi_NMH_DL_1,DupiS1,Dupi,macBP2,10,1,0,NaN,NaN,NaN,2370,2514,1
251027_Dupi_NMH_DL_1,DupiS1,Dupi,macBP2,11,1,0,NaN,NaN,NaN,2464,2840,1
251027_Dupi_NMH_DL_1,DupiS1,Dupi,macBP2,12,1,0,NaN,NaN,NaN,290,552,1
251027_Dupi_NMH_DL_1,DupiS1,Dupi,macBP2,13,1,0,NaN,NaN,NaN,278,504,1
251027_Dupi_NMH_DL_1,DupiS1,Dupi,macBP2,14,1,0,NaN,NaN,NaN,974,1252,1
251027_Dupi_NMH_DL_1,DupiS1,Dupi,macBP2,15,1,0,NaN,NaN,NaN,2,376,1
251027_Dupi_NMH_DL_1,DupiS1,Dupi,macBP2,16,1,0,NaN,NaN,NaN,522,718,1
251027_Dupi_NMH_DL_1,DupiS1,Dupi,macBP2,17,1,0,NaN,NaN,NaN,1136,1280,1
251027_Dupi_NMH_DL_1,DupiS1,Dupi,macBP2,18,1,0,NaN,NaN,NaN,924,1126,1
251027_Dupi_NMH_DL_1,DupiS1,Dupi,macBP2,19,1,0,NaN,NaN,NaN,1094,1268,1
251027_Dupi_NMH_DL_1,DupiS1,Dupi,macBP2,20,1,0,NaN,NaN,NaN,106,282,1
251027_Dupi_NMH_DL_1,DupiS1,Dupi,macBP2,21,1,0,NaN,NaN,NaN,2676,2966,1
251027_Dupi_NMH_DL_1,DupiS1,Dupi,macBP2,22,1,0,NaN,NaN,NaN,572,1218,1
251027_Dupi_NMH_DL_1,DupiS1,Dupi,macBP2,23,1,0,NaN,NaN,NaN,526,736,1
251027_Dupi_NMH_DL_1,DupiS1,Dupi,macBP2,24,1,0,NaN,NaN,NaN,412,650,1
251027_Dupi_NMH_DL_1,DupiS1,Dupi,macBP2,25,1,0,NaN,NaN,NaN,358,602,1
251027_Dupi_NMH_DL_1,DupiS1,Dupi,macBP2,26,1,0,NaN,NaN,NaN,1080,1420,1
251027_Dupi_NMH_DL_1,DupiS1,Dupi,macBP2,27,1,0,NaN,NaN,NaN,1450,1740,1
251027_Dupi_NMH_DL_1,DupiS1,Dupi,macBP2,28,1,0,NaN,NaN,NaN,2254,2532,1
251027_Dupi_NMH_DL_1,DupiS1,Dupi,macBP2,29,1,0,NaN,NaN,NaN,866,1028,1
251027_Dupi_NMH_DL_1,DupiS1,Dupi,macBP2,30,1,0,NaN,NaN,NaN,2300,2756,1
251027_Dupi_NMH_DL_1,DupiS1,Dupi,macBP2,31,1,0,NaN,NaN,NaN,2794,3000,1
251027_Dupi_NMH_DL_1,DupiS1,Dupi,macBP2,32,1,0,0.771159789068602,1308,1324,1018,1498,1
251027_Dupi_NMH_DL_1,DupiS1,Dupi,macBP2,33,1,0,NaN,NaN,NaN,2,302,1
251027_Dupi_NMH_DL_1,DupiS1,Dupi,macBP2,34,1,0,NaN,NaN,NaN,484,656,1
251027_Dupi_NMH_DL_1,DupiS1,Dupi,macBP2,35,1,0,NaN,NaN,NaN,2,198,1
251027_Dupi_NMH_DL_1,DupiS1,Dupi,macBP2,36,1,0,NaN,NaN,NaN,602,804,1
251027_Dupi_NMH_DL_1,DupiS1,Dupi,macBP2,37,1,0,NaN,NaN,NaN,2610,2838,1
251027_Dupi_NMH_DL_1,DupiS1,Dupi,macBP2,38,1,0,NaN,NaN,NaN,404,602,1
251027_Dupi_NMH_DL_1,DupiS1,Dupi,macBP2,39,1,0,NaN,NaN,NaN,156,550,1
250929_Dupi_NMH_GH_2,DupiS2,Dupi,macBP3,1,1,0,NaN,NaN,NaN,742,922,1
250929_Dupi_NMH_GH_2,DupiS2,Dupi,macBP3,2,1,0,NaN,NaN,NaN,1490,1738,1
250929_Dupi_NMH_GH_2,DupiS2,Dupi,macBP3,3,1,0,NaN,NaN,NaN,36,394,1
250929_Dupi_NMH_GH_2,DupiS2,Dupi,macBP3,4,1,0,NaN,NaN,NaN,332,456,1
250929_Dupi_NMH_GH_2,DupiS2,Dupi,macBP3,5,1,0,NaN,NaN,NaN,174,410,1
250929_Dupi_NMH_GH_2,DupiS2,Dupi,macBP3,6,1,0,NaN,NaN,NaN,2,182,1
250929_Dupi_NMH_GH_2,DupiS2,Dupi,macBP3,7,2,1,NaN,NaN,NaN,960,1112,1
250929_Dupi_NMH_GH_2,DupiS2,Dupi,macBP3,8,1,0,NaN,NaN,NaN,358,576,1
250929_Dupi_NMH_GH_2,DupiS2,Dupi,macBP3,9,1,0,NaN,NaN,NaN,2816,2974,1
250929_Dupi_NMH_GH_2,DupiS2,Dupi,macBP3,10,1,0,NaN,NaN,NaN,1654,1792,1
250929_Dupi_NMH_GH_2,DupiS2,Dupi,macBP3,11,1,0,NaN,NaN,NaN,2642,2886,1
250929_Dupi_NMH_GH_2,DupiS2,Dupi,macBP3,12,1,0,NaN,NaN,NaN,2748,2948,1
250929_Dupi_NMH_GH_2,DupiS2,Dupi,macBP3,13,1,0,NaN,NaN,NaN,964,1338,1
250929_Dupi_NMH_GH_2,DupiS2,Dupi,macBP3,14,1,0,NaN,NaN,NaN,1798,2042,1
250929_Dupi_NMH_GH_2,DupiS2,Dupi,macBP3,15,1,0,NaN,NaN,NaN,2542,2922,1
250929_Dupi_NMH_GH_2,DupiS2,Dupi,macBP3,16,1,0,NaN,NaN,NaN,2778,3000,1
250929_Dupi_NMH_GH_2,DupiS2,Dupi,macBP3,17,1,0,NaN,NaN,NaN,2074,2226,1
250929_Dupi_NMH_GH_2,DupiS2,Dupi,macBP3,18,1,0,NaN,NaN,NaN,2940,3000,1
250929_Dupi_NMH_GH_2,DupiS2,Dupi,macBP3,19,1,0,NaN,NaN,NaN,2528,2784,1
250929_Dupi_NMH_GH_2,DupiS2,Dupi,macBP3,20,1,0,NaN,NaN,NaN,368,698,1
250929_Dupi_NMH_GH_2,DupiS2,Dupi,macBP3,21,1,0,NaN,NaN,NaN,2602,2816,1
250929_Dupi_NMH_GH_2,DupiS2,Dupi,macBP3,22,1,0,NaN,NaN,NaN,2,124,1
250929_Dupi_NMH_GH_2,DupiS2,Dupi,macBP3,23,1,0,0.713478854558507,444,446,410,594,1
250929_Dupi_NMH_GH_2,DupiS2,Dupi,macBP3,24,1,0,NaN,NaN,NaN,2850,3000,1
250929_Dupi_NMH_GH_2,DupiS2,Dupi,macBP3,25,1,0,NaN,NaN,NaN,1774,1986,1
250929_Dupi_NMH_GH_2,DupiS2,Dupi,macBP3,26,1,0,NaN,NaN,NaN,2482,2766,1
250929_Dupi_NMH_GH_2,DupiS2,Dupi,macBP3,27,1,0,NaN,NaN,NaN,2392,2744,1
250929_Dupi_NMH_GH_2,DupiS2,Dupi,macBP3,28,1,0,NaN,NaN,NaN,2160,2394,1
250929_Dupi_NMH_GH_2,DupiS2,Dupi,macBP3,29,1,0,NaN,NaN,NaN,2118,2306,1
250929_Dupi_NMH_GH_2,DupiS2,Dupi,macBP3,30,1,0,NaN,NaN,NaN,2,116,1
250929_Dupi_NMH_GH_2,DupiS2,Dupi,macBP3,31,1,0,NaN,NaN,NaN,2346,2582,1
250929_Dupi_NMH_GH_2,DupiS2,Dupi,macBP3,32,1,0,NaN,NaN,NaN,2704,2832,1
250929_Dupi_NMH_GH_2,DupiS2,Dupi,macBP3,33,1,0,NaN,NaN,NaN,2838,3000,1
250929_Dupi_NMH_GH_2,DupiS2,Dupi,macBP3,34,1,0,NaN,NaN,NaN,1188,1404,1
250929_Dupi_NMH_GH_2,DupiS2,Dupi,macBP3,35,1,0,NaN,NaN,NaN,2198,2304,1
250929_Dupi_NMH_GH_2,DupiS2,Dupi,macBP3,36,1,0,NaN,NaN,NaN,852,1074,1
250929_Dupi_NMH_GH_2,DupiS2,Dupi,macBP3,37,1,0,NaN,NaN,NaN,1420,1582,1
250929_Dupi_NMH_GH_2,DupiS2,Dupi,macBP3,38,1,0,NaN,NaN,NaN,1076,1280,1
250929_Dupi_NMH_GH_2,DupiS2,Dupi,macBP3,39,1,0,NaN,NaN,NaN,1398,1668,1
250929_Dupi_NMH_GH_2,DupiS2,Dupi,macBP3,40,1,0,NaN,NaN,NaN,2572,2862,1
251002_Dupi_NMH_AB_2,DupiS2,Dupi,macBP2,1,1,0,NaN,NaN,NaN,1200,1510,1
251002_Dupi_NMH_AB_2,DupiS2,Dupi,macBP2,2,1,0,NaN,NaN,NaN,724,932,1
251002_Dupi_NMH_AB_2,DupiS2,Dupi,macBP2,3,1,0,NaN,NaN,NaN,278,520,1
251002_Dupi_NMH_AB_2,DupiS2,Dupi,macBP2,4,1,0,NaN,NaN,NaN,204,558,1
251002_Dupi_NMH_AB_2,DupiS2,Dupi,macBP2,5,1,0,NaN,NaN,NaN,2864,3000,1
251002_Dupi_NMH_AB_2,DupiS2,Dupi,macBP2,6,1,0,NaN,NaN,NaN,218,632,1
251002_Dupi_NMH_AB_2,DupiS2,Dupi,macBP2,7,1,0,NaN,NaN,NaN,2256,2394,1
251002_Dupi_NMH_AB_2,DupiS2,Dupi,macBP2,8,1,0,NaN,NaN,NaN,2636,3000,1
251002_Dupi_NMH_AB_2,DupiS2,Dupi,macBP2,9,1,0,NaN,NaN,NaN,2874,3000,1
251002_Dupi_NMH_AB_2,DupiS2,Dupi,macBP2,10,1,0,NaN,NaN,NaN,1176,1394,1
251002_Dupi_NMH_AB_2,DupiS2,Dupi,macBP2,11,1,0,NaN,NaN,NaN,2366,2540,1
251002_Dupi_NMH_AB_2,DupiS2,Dupi,macBP2,12,1,0,NaN,NaN,NaN,200,422,1
251002_Dupi_NMH_AB_2,DupiS2,Dupi,macBP2,13,1,0,NaN,NaN,NaN,2,116,1
251002_Dupi_NMH_AB_2,DupiS2,Dupi,macBP2,14,1,0,NaN,NaN,NaN,2734,3000,1
251002_Dupi_NMH_AB_2,DupiS2,Dupi,macBP2,15,1,0,NaN,NaN,NaN,236,566,1
251002_Dupi_NMH_AB_2,DupiS2,Dupi,macBP2,16,1,0,NaN,NaN,NaN,1230,1546,1
251002_Dupi_NMH_AB_2,DupiS2,Dupi,macBP2,17,1,0,NaN,NaN,NaN,2008,2230,1
251002_Dupi_NMH_AB_2,DupiS2,Dupi,macBP2,18,1,0,NaN,NaN,NaN,58,292,1
251002_Dupi_NMH_AB_2,DupiS2,Dupi,macBP2,19,1,0,NaN,NaN,NaN,1148,1364,1
251002_Dupi_NMH_AB_2,DupiS2,Dupi,macBP2,20,1,0,NaN,NaN,NaN,2528,2646,1
251002_Dupi_NMH_AB_2,DupiS2,Dupi,macBP2,21,1,0,NaN,NaN,NaN,2256,2648,1
251002_Dupi_NMH_AB_2,DupiS2,Dupi,macBP2,22,1,0,NaN,NaN,NaN,466,776,1
251002_Dupi_NMH_AB_2,DupiS2,Dupi,macBP2,23,1,0,NaN,NaN,NaN,2250,2520,1
251002_Dupi_NMH_AB_2,DupiS2,Dupi,macBP2,24,1,0,NaN,NaN,NaN,542,780,1
251002_Dupi_NMH_AB_2,DupiS2,Dupi,macBP2,25,1,0,NaN,NaN,NaN,1054,1324,1
251002_Dupi_NMH_AB_2,DupiS2,Dupi,macBP2,26,1,0,NaN,NaN,NaN,1836,2030,1
251002_Dupi_NMH_AB_2,DupiS2,Dupi,macBP2,27,1,0,NaN,NaN,NaN,2074,2240,1
251002_Dupi_NMH_AB_2,DupiS2,Dupi,macBP2,28,1,0,NaN,NaN,NaN,2040,2226,1
251002_Dupi_NMH_AB_2,DupiS2,Dupi,macBP2,29,1,0,NaN,NaN,NaN,1772,1954,1
251002_Dupi_NMH_AB_2,DupiS2,Dupi,macBP2,30,1,0,0.756560784567893,862,864,792,1032,1
251002_Dupi_NMH_AB_2,DupiS2,Dupi,macBP2,31,1,0,NaN,NaN,NaN,1174,1472,1
251002_Dupi_NMH_AB_2,DupiS2,Dupi,macBP2,32,1,0,NaN,NaN,NaN,742,996,1
251002_Dupi_NMH_AB_2,DupiS2,Dupi,macBP2,33,1,0,NaN,NaN,NaN,2454,3000,1
251002_Dupi_NMH_AB_2,DupiS2,Dupi,macBP2,34,1,0,NaN,NaN,NaN,2148,2610,1
251002_Dupi_NMH_AB_2,DupiS2,Dupi,macBP2,35,1,0,NaN,NaN,NaN,1676,2380,1
251002_Dupi_NMH_AB_2,DupiS2,Dupi,macBP2,36,1,0,NaN,NaN,NaN,2032,2304,1
251002_Dupi_NMH_AB_2,DupiS2,Dupi,macBP2,37,1,0,NaN,NaN,NaN,2912,3000,1
251002_Dupi_NMH_AB_2,DupiS2,Dupi,macBP2,38,1,0,NaN,NaN,NaN,2072,2332,1
251002_Dupi_NMH_AB_2,DupiS2,Dupi,macBP2,39,1,0,NaN,NaN,NaN,2028,2360,1
250623_Dupi_NMH_KS_3,DupiS3,Dupi,macBP2,1,1,0,NaN,NaN,NaN,1636,1760,1
250623_Dupi_NMH_KS_3,DupiS3,Dupi,macBP2,2,1,0,NaN,NaN,NaN,384,586,1
250623_Dupi_NMH_KS_3,DupiS3,Dupi,macBP2,3,1,0,NaN,NaN,NaN,152,510,1
250623_Dupi_NMH_KS_3,DupiS3,Dupi,macBP2,4,1,0,NaN,NaN,NaN,2832,2980,1
250623_Dupi_NMH_KS_3,DupiS3,Dupi,macBP2,5,1,0,NaN,NaN,NaN,240,486,1
250623_Dupi_NMH_KS_3,DupiS3,Dupi,macBP2,6,1,0,NaN,NaN,NaN,536,910,1
250623_Dupi_NMH_KS_3,DupiS3,Dupi,macBP2,7,1,0,NaN,NaN,NaN,916,1136,1
250623_Dupi_NMH_KS_3,DupiS3,Dupi,macBP2,8,2,0.286995515695067,0.646539803921372,1178,1180,938,1382,1
250623_Dupi_NMH_KS_3,DupiS3,Dupi,macBP2,9,1,0,NaN,NaN,NaN,188,532,1
250623_Dupi_NMH_KS_3,DupiS3,Dupi,macBP2,10,1,0,NaN,NaN,NaN,264,450,1
250623_Dupi_NMH_KS_3,DupiS3,Dupi,macBP2,11,1,0,NaN,NaN,NaN,614,758,1
250623_Dupi_NMH_KS_3,DupiS3,Dupi,macBP2,12,1,0,NaN,NaN,NaN,20,484,1
250623_Dupi_NMH_KS_3,DupiS3,Dupi,macBP2,13,1,0,NaN,NaN,NaN,522,698,1
250623_Dupi_NMH_KS_3,DupiS3,Dupi,macBP2,14,1,0,NaN,NaN,NaN,2424,2660,1
250623_Dupi_NMH_KS_3,DupiS3,Dupi,macBP2,15,1,0,NaN,NaN,NaN,2,182,1
250623_Dupi_NMH_KS_3,DupiS3,Dupi,macBP2,16,1,0,NaN,NaN,NaN,2406,2562,1
250623_Dupi_NMH_KS_3,DupiS3,Dupi,macBP2,17,1,0,NaN,NaN,NaN,2490,2748,1
250623_Dupi_NMH_KS_3,DupiS3,Dupi,macBP2,18,1,0,NaN,NaN,NaN,1154,1672,1
250623_Dupi_NMH_KS_3,DupiS3,Dupi,macBP2,19,1,0,0.889302424933169,2494,2556,2410,2608,1
250623_Dupi_NMH_KS_3,DupiS3,Dupi,macBP2,20,1,0,NaN,NaN,NaN,78,308,1
250623_Dupi_NMH_KS_3,DupiS3,Dupi,macBP2,21,1,0,NaN,NaN,NaN,34,392,1
250623_Dupi_NMH_KS_3,DupiS3,Dupi,macBP2,22,1,0,NaN,NaN,NaN,208,376,1
250623_Dupi_NMH_KS_3,DupiS3,Dupi,macBP2,23,1,0,NaN,NaN,NaN,154,402,1
250623_Dupi_NMH_KS_3,DupiS3,Dupi,macBP2,24,1,0,NaN,NaN,NaN,240,554,1
250623_Dupi_NMH_KS_3,DupiS3,Dupi,macBP2,25,1,0,NaN,NaN,NaN,1172,1320,1
250623_Dupi_NMH_KS_3,DupiS3,Dupi,macBP2,26,1,0,0.657311006354945,1756,1838,1708,1886,1
250623_Dupi_NMH_KS_3,DupiS3,Dupi,macBP2,27,1,0,NaN,NaN,NaN,2294,2430,1
250623_Dupi_NMH_KS_3,DupiS3,Dupi,macBP2,28,1,0,NaN,NaN,NaN,1970,2152,1
250623_Dupi_NMH_KS_3,DupiS3,Dupi,macBP2,29,1,0,NaN,NaN,NaN,428,794,1
250623_Dupi_NMH_KS_3,DupiS3,Dupi,macBP2,30,1,0,NaN,NaN,NaN,1354,1490,1
250623_Dupi_NMH_KS_3,DupiS3,Dupi,macBP2,31,1,0,NaN,NaN,NaN,1024,1214,1
250623_Dupi_NMH_KS_3,DupiS3,Dupi,macBP2,32,1,0,NaN,NaN,NaN,1152,1370,1
250623_Dupi_NMH_KS_3,DupiS3,Dupi,macBP2,33,1,0,NaN,NaN,NaN,2928,3000,1
250623_Dupi_NMH_KS_3,DupiS3,Dupi,macBP2,34,1,0,NaN,NaN,NaN,1772,2032,1
250623_Dupi_NMH_KS_3,DupiS3,Dupi,macBP2,35,1,0,NaN,NaN,NaN,2156,2430,1
250623_Dupi_NMH_KS_3,DupiS3,Dupi,macBP2,36,1,0,NaN,NaN,NaN,2782,2980,1
250623_Dupi_NMH_KS_3,DupiS3,Dupi,macBP2,37,1,0,NaN,NaN,NaN,2,116,1
250623_Dupi_NMH_KS_3,DupiS3,Dupi,macBP2,38,1,0,NaN,NaN,NaN,1244,1406,1
250623_Dupi_NMH_KS_3,DupiS3,Dupi,macBP2,39,1,0,NaN,NaN,NaN,562,712,1
250623_Dupi_NMH_KS_3,DupiS3,Dupi,macBP2,40,1,0,NaN,NaN,NaN,96,232,1
251013_Dupi_NMH_JN_2,DupiS2,Dupi,macBP2,1,1,0,NaN,NaN,NaN,2952,3000,1
251013_Dupi_NMH_JN_2,DupiS2,Dupi,macBP2,2,1,0,NaN,NaN,NaN,2,280,1
251013_Dupi_NMH_JN_2,DupiS2,Dupi,macBP2,3,1,0,NaN,NaN,NaN,1520,1672,1
251013_Dupi_NMH_JN_2,DupiS2,Dupi,macBP2,4,1,0,NaN,NaN,NaN,2806,3000,1
251013_Dupi_NMH_JN_2,DupiS2,Dupi,macBP2,5,1,0,NaN,NaN,NaN,1976,2124,1
251013_Dupi_NMH_JN_2,DupiS2,Dupi,macBP2,6,1,0,NaN,NaN,NaN,1720,2002,1
251013_Dupi_NMH_JN_2,DupiS2,Dupi,macBP2,7,1,0,NaN,NaN,NaN,1036,1230,1
251013_Dupi_NMH_JN_2,DupiS2,Dupi,macBP2,8,1,0,NaN,NaN,NaN,2562,2756,1
251013_Dupi_NMH_JN_2,DupiS2,Dupi,macBP2,9,1,0,NaN,NaN,NaN,2468,2744,1
251013_Dupi_NMH_JN_2,DupiS2,Dupi,macBP2,10,1,0,NaN,NaN,NaN,2778,3000,1
251013_Dupi_NMH_JN_2,DupiS2,Dupi,macBP2,11,1,0,NaN,NaN,NaN,2064,2218,1
251013_Dupi_NMH_JN_2,DupiS2,Dupi,macBP2,12,1,0,NaN,NaN,NaN,1976,2166,1
251013_Dupi_NMH_JN_2,DupiS2,Dupi,macBP2,13,1,0,NaN,NaN,NaN,1522,1734,1
251013_Dupi_NMH_JN_2,DupiS2,Dupi,macBP2,14,1,0,NaN,NaN,NaN,1294,1470,1
251013_Dupi_NMH_JN_2,DupiS2,Dupi,macBP2,15,1,0,NaN,NaN,NaN,2934,3000,1
251013_Dupi_NMH_JN_2,DupiS2,Dupi,macBP2,16,1,0,NaN,NaN,NaN,1322,1530,1
251013_Dupi_NMH_JN_2,DupiS2,Dupi,macBP2,17,1,0,NaN,NaN,NaN,1894,2294,1
251013_Dupi_NMH_JN_2,DupiS2,Dupi,macBP2,18,1,0,NaN,NaN,NaN,1540,1830,1
251013_Dupi_NMH_JN_2,DupiS2,Dupi,macBP2,19,1,0,NaN,NaN,NaN,2,238,1
251013_Dupi_NMH_JN_2,DupiS2,Dupi,macBP2,20,1,0,NaN,NaN,NaN,2226,2454,1
251013_Dupi_NMH_JN_2,DupiS2,Dupi,macBP2,21,1,0,NaN,NaN,NaN,1502,2252,1
251013_Dupi_NMH_JN_2,DupiS2,Dupi,macBP2,22,1,0,NaN,NaN,NaN,1922,2144,1
251013_Dupi_NMH_JN_2,DupiS2,Dupi,macBP2,23,1,0,NaN,NaN,NaN,26,300,1
251013_Dupi_NMH_JN_2,DupiS2,Dupi,macBP2,24,1,0,NaN,NaN,NaN,2694,3000,1
251013_Dupi_NMH_JN_2,DupiS2,Dupi,macBP2,25,1,0,NaN,NaN,NaN,2890,3000,1
251013_Dupi_NMH_JN_2,DupiS2,Dupi,macBP2,26,1,0,NaN,NaN,NaN,1752,1946,1
251013_Dupi_NMH_JN_2,DupiS2,Dupi,macBP2,27,1,0,NaN,NaN,NaN,2808,3000,1
251013_Dupi_NMH_JN_2,DupiS2,Dupi,macBP2,28,1,0,NaN,NaN,NaN,2,250,1
251013_Dupi_NMH_JN_2,DupiS2,Dupi,macBP2,29,1,0,NaN,NaN,NaN,2,84,1
251013_Dupi_NMH_JN_2,DupiS2,Dupi,macBP2,30,1,0,NaN,NaN,NaN,2690,3000,1
251013_Dupi_NMH_JN_2,DupiS2,Dupi,macBP2,31,1,0,NaN,NaN,NaN,1330,1500,1
251013_Dupi_NMH_JN_2,DupiS2,Dupi,macBP2,32,1,0,NaN,NaN,NaN,1840,2238,1
251013_Dupi_NMH_JN_2,DupiS2,Dupi,macBP2,33,1,0,NaN,NaN,NaN,1612,1988,1
251013_Dupi_NMH_JN_2,DupiS2,Dupi,macBP2,34,1,0,NaN,NaN,NaN,1902,2128,1
251013_Dupi_NMH_JN_2,DupiS2,Dupi,macBP2,35,1,0,NaN,NaN,NaN,1840,2128,1
251013_Dupi_NMH_JN_2,DupiS2,Dupi,macBP2,36,1,0,NaN,NaN,NaN,1260,1530,1
251013_Dupi_NMH_JN_2,DupiS2,Dupi,macBP2,37,1,0,NaN,NaN,NaN,2346,2554,1
251013_Dupi_NMH_JN_2,DupiS2,Dupi,macBP2,38,1,0,NaN,NaN,NaN,1396,1664,1
251013_Dupi_NMH_JN_2,DupiS2,Dupi,macBP2,39,1,0,NaN,NaN,NaN,152,370,1
251013_Dupi_NMH_JN_2,DupiS2,Dupi,macBP2,40,1,0,NaN,NaN,NaN,1488,1760,1
251110_Dupi_NMH_PC_1,DupiS1,Dupi,macBP1,1,1,0,NaN,NaN,NaN,1814,2134,1
251110_Dupi_NMH_PC_1,DupiS1,Dupi,macBP1,2,1,0,NaN,NaN,NaN,814,1536,1
251110_Dupi_NMH_PC_1,DupiS1,Dupi,macBP1,3,1,0,NaN,NaN,NaN,2462,2746,1
251110_Dupi_NMH_PC_1,DupiS1,Dupi,macBP1,4,1,0,NaN,NaN,NaN,1554,2116,1
251110_Dupi_NMH_PC_1,DupiS1,Dupi,macBP1,5,1,0,NaN,NaN,NaN,2844,3000,1
251110_Dupi_NMH_PC_1,DupiS1,Dupi,macBP1,6,1,0,NaN,NaN,NaN,780,964,1
251110_Dupi_NMH_PC_1,DupiS1,Dupi,macBP1,7,1,0,NaN,NaN,NaN,2844,3000,1
251110_Dupi_NMH_PC_1,DupiS1,Dupi,macBP1,8,1,0,NaN,NaN,NaN,1650,1914,1
251110_Dupi_NMH_PC_1,DupiS1,Dupi,macBP1,9,1,0,NaN,NaN,NaN,106,324,1
251110_Dupi_NMH_PC_1,DupiS1,Dupi,macBP1,10,1,0,NaN,NaN,NaN,2844,3000,1
251110_Dupi_NMH_PC_1,DupiS1,Dupi,macBP1,11,1,0,NaN,NaN,NaN,2110,2288,1
251110_Dupi_NMH_PC_1,DupiS1,Dupi,macBP1,12,1,0,NaN,NaN,NaN,2436,2800,1
251110_Dupi_NMH_PC_1,DupiS1,Dupi,macBP1,13,1,0,0.620540150067529,2652,2724,2520,2766,1
251110_Dupi_NMH_PC_1,DupiS1,Dupi,macBP1,14,1,0,1.02378870129895,2512,2514,2408,2840,1
251110_Dupi_NMH_PC_1,DupiS1,Dupi,macBP1,15,1,0,NaN,NaN,NaN,2762,2988,1
251110_Dupi_NMH_PC_1,DupiS1,Dupi,macBP1,16,1,0,0.969926269508661,1920,1958,1850,2070,1
251110_Dupi_NMH_PC_1,DupiS1,Dupi,macBP1,17,1,0,NaN,NaN,NaN,1774,1942,1
251110_Dupi_NMH_PC_1,DupiS1,Dupi,macBP1,18,1,0,0.832791210075534,2946,2950,2864,3000,1
251110_Dupi_NMH_PC_1,DupiS1,Dupi,macBP1,19,1,0,NaN,NaN,NaN,2842,3000,1
251110_Dupi_NMH_PC_1,DupiS1,Dupi,macBP1,20,1,0,0.621878227199222,102,440,102,582,1
251110_Dupi_NMH_PC_1,DupiS1,Dupi,macBP1,21,1,0,NaN,NaN,NaN,20,288,1
251110_Dupi_NMH_PC_1,DupiS1,Dupi,macBP1,22,1,0,NaN,NaN,NaN,2438,2626,1
251110_Dupi_NMH_PC_1,DupiS1,Dupi,macBP1,23,1,0,NaN,NaN,NaN,2484,2764,1
251110_Dupi_NMH_PC_1,DupiS1,Dupi,macBP1,24,1,0,NaN,NaN,NaN,2,114,1
251110_Dupi_NMH_PC_1,DupiS1,Dupi,macBP1,25,1,0,NaN,NaN,NaN,2760,2958,1
251110_Dupi_NMH_PC_1,DupiS1,Dupi,macBP1,26,1,0,NaN,NaN,NaN,670,842,1
251110_Dupi_NMH_PC_1,DupiS1,Dupi,macBP1,27,1,0,NaN,NaN,NaN,1388,1588,1
251110_Dupi_NMH_PC_1,DupiS1,Dupi,macBP1,28,1,0,NaN,NaN,NaN,2138,2476,1
251110_Dupi_NMH_PC_1,DupiS1,Dupi,macBP1,29,1,0,NaN,NaN,NaN,2,114,1
251110_Dupi_NMH_PC_1,DupiS1,Dupi,macBP1,30,1,0,NaN,NaN,NaN,2454,2628,1
251110_Dupi_NMH_PC_1,DupiS1,Dupi,macBP1,31,1,0,NaN,NaN,NaN,1784,1960,1
251110_Dupi_NMH_PC_1,DupiS1,Dupi,macBP1,32,1,0,NaN,NaN,NaN,1704,1976,1
251110_Dupi_NMH_PC_1,DupiS1,Dupi,macBP1,33,1,0,NaN,NaN,NaN,2776,3000,1
251110_Dupi_NMH_PC_1,DupiS1,Dupi,macBP1,34,1,0,NaN,NaN,NaN,2948,3000,1
251110_Dupi_NMH_PC_1,DupiS1,Dupi,macBP1,35,1,0,NaN,NaN,NaN,2454,2646,1
251110_Dupi_NMH_PC_1,DupiS1,Dupi,macBP1,36,1,0,NaN,NaN,NaN,1988,2518,1
251030_Dupi_NMH_DB_1,DupiS1,Dupi,macBP1,1,1,0,NaN,NaN,NaN,1854,2040,1
251030_Dupi_NMH_DB_1,DupiS1,Dupi,macBP1,2,1,0,NaN,NaN,NaN,2686,2866,1
251030_Dupi_NMH_DB_1,DupiS1,Dupi,macBP1,3,1,0,NaN,NaN,NaN,364,522,1
251030_Dupi_NMH_DB_1,DupiS1,Dupi,macBP1,4,1,0,NaN,NaN,NaN,1404,1592,1
251030_Dupi_NMH_DB_1,DupiS1,Dupi,macBP1,5,1,0,NaN,NaN,NaN,656,820,1
251030_Dupi_NMH_DB_1,DupiS1,Dupi,macBP1,6,1,0,NaN,NaN,NaN,284,564,1
251030_Dupi_NMH_DB_1,DupiS1,Dupi,macBP1,7,1,0,NaN,NaN,NaN,1536,1678,1
251030_Dupi_NMH_DB_1,DupiS1,Dupi,macBP1,8,1,0,NaN,NaN,NaN,1086,1274,1
251030_Dupi_NMH_DB_1,DupiS1,Dupi,macBP1,9,1,0,NaN,NaN,NaN,2240,2414,1
251030_Dupi_NMH_DB_1,DupiS1,Dupi,macBP1,10,1,0,NaN,NaN,NaN,1814,2006,1
251030_Dupi_NMH_DB_1,DupiS1,Dupi,macBP1,11,1,0,NaN,NaN,NaN,224,366,1
251030_Dupi_NMH_DB_1,DupiS1,Dupi,macBP1,12,1,0,0.699743858701673,1086,1158,892,1316,1
251030_Dupi_NMH_DB_1,DupiS1,Dupi,macBP1,13,1,0,NaN,NaN,NaN,1524,1790,1
251030_Dupi_NMH_DB_1,DupiS1,Dupi,macBP1,14,1,0,NaN,NaN,NaN,2216,2456,1
251030_Dupi_NMH_DB_1,DupiS1,Dupi,macBP1,15,1,0,NaN,NaN,NaN,1110,1354,1
251030_Dupi_NMH_DB_1,DupiS1,Dupi,macBP1,16,1,0,NaN,NaN,NaN,1096,1290,1
251030_Dupi_NMH_DB_1,DupiS1,Dupi,macBP1,17,1,0,NaN,NaN,NaN,2334,2532,1
251030_Dupi_NMH_DB_1,DupiS1,Dupi,macBP1,18,1,0,NaN,NaN,NaN,2248,2450,1
251030_Dupi_NMH_DB_1,DupiS1,Dupi,macBP1,19,1,0,NaN,NaN,NaN,1202,1384,1
251030_Dupi_NMH_DB_1,DupiS1,Dupi,macBP1,20,1,0,NaN,NaN,NaN,2148,2406,1
251030_Dupi_NMH_DB_1,DupiS1,Dupi,macBP1,21,1,0,NaN,NaN,NaN,1310,1666,1
251030_Dupi_NMH_DB_1,DupiS1,Dupi,macBP1,22,1,0,NaN,NaN,NaN,2572,2894,1
251030_Dupi_NMH_DB_1,DupiS1,Dupi,macBP1,23,1,0,NaN,NaN,NaN,170,420,1
251030_Dupi_NMH_DB_1,DupiS1,Dupi,macBP1,24,1,0,NaN,NaN,NaN,882,1132,1
251030_Dupi_NMH_DB_1,DupiS1,Dupi,macBP1,25,1,0,NaN,NaN,NaN,1236,1436,1
251030_Dupi_NMH_DB_1,DupiS1,Dupi,macBP1,26,1,0,NaN,NaN,NaN,750,1042,1
251030_Dupi_NMH_DB_1,DupiS1,Dupi,macBP1,27,1,0,NaN,NaN,NaN,672,796,1
251030_Dupi_NMH_DB_1,DupiS1,Dupi,macBP1,28,1,0,NaN,NaN,NaN,14,204,1
251030_Dupi_NMH_DB_1,DupiS1,Dupi,macBP1,29,1,0,NaN,NaN,NaN,832,964,1
251030_Dupi_NMH_DB_1,DupiS1,Dupi,macBP1,30,1,0,NaN,NaN,NaN,2514,2704,1
251030_Dupi_NMH_DB_1,DupiS1,Dupi,macBP1,31,1,0,NaN,NaN,NaN,686,892,1
251030_Dupi_NMH_DB_1,DupiS1,Dupi,macBP1,32,1,0,NaN,NaN,NaN,1452,1708,1
251030_Dupi_NMH_DB_1,DupiS1,Dupi,macBP1,33,1,0,NaN,NaN,NaN,1938,2106,1
251030_Dupi_NMH_DB_1,DupiS1,Dupi,macBP1,34,1,0,NaN,NaN,NaN,2756,2968,1
251030_Dupi_NMH_DB_1,DupiS1,Dupi,macBP1,35,1,0,NaN,NaN,NaN,452,642,1
251030_Dupi_NMH_DB_1,DupiS1,Dupi,macBP1,36,1,0,NaN,NaN,NaN,1452,1590,1
251030_Dupi_NMH_DB_1,DupiS1,Dupi,macBP1,37,1,0,NaN,NaN,NaN,2562,2810,1
251030_Dupi_NMH_DB_1,DupiS1,Dupi,macBP1,38,1,0,NaN,NaN,NaN,372,582,1
250818_Dupi_NMH_JH_3,DupiS3,Dupi,macBP4,1,1,0,NaN,NaN,NaN,1562,1828,1
250818_Dupi_NMH_JH_3,DupiS3,Dupi,macBP4,2,1,0,NaN,NaN,NaN,1802,2008,1
250818_Dupi_NMH_JH_3,DupiS3,Dupi,macBP4,3,1,0,NaN,NaN,NaN,2546,2954,1
250818_Dupi_NMH_JH_3,DupiS3,Dupi,macBP4,4,1,0,NaN,NaN,NaN,1130,1480,1
250818_Dupi_NMH_JH_3,DupiS3,Dupi,macBP4,5,1,0,NaN,NaN,NaN,2390,2616,1
250818_Dupi_NMH_JH_3,DupiS3,Dupi,macBP4,6,1,0,NaN,NaN,NaN,2916,3000,1
250818_Dupi_NMH_JH_3,DupiS3,Dupi,macBP4,7,1,0,NaN,NaN,NaN,2766,3000,1
250818_Dupi_NMH_JH_3,DupiS3,Dupi,macBP4,8,1,0,NaN,NaN,NaN,1384,1690,1
250818_Dupi_NMH_JH_3,DupiS3,Dupi,macBP4,9,1,0,NaN,NaN,NaN,2,224,1
250818_Dupi_NMH_JH_3,DupiS3,Dupi,macBP4,10,1,0,NaN,NaN,NaN,1104,1466,1
250818_Dupi_NMH_JH_3,DupiS3,Dupi,macBP4,11,1,0,NaN,NaN,NaN,2726,3000,1
250818_Dupi_NMH_JH_3,DupiS3,Dupi,macBP4,12,1,0,NaN,NaN,NaN,2650,2916,1
250818_Dupi_NMH_JH_3,DupiS3,Dupi,macBP4,13,1,0,NaN,NaN,NaN,1914,2140,1
250818_Dupi_NMH_JH_3,DupiS3,Dupi,macBP4,14,1,0,NaN,NaN,NaN,1632,2034,1
250818_Dupi_NMH_JH_3,DupiS3,Dupi,macBP4,15,1,0,NaN,NaN,NaN,2326,2684,1
250818_Dupi_NMH_JH_3,DupiS3,Dupi,macBP4,16,1,0,NaN,NaN,NaN,2730,2850,1
250818_Dupi_NMH_JH_3,DupiS3,Dupi,macBP4,17,1,0,NaN,NaN,NaN,618,1040,1
250818_Dupi_NMH_JH_3,DupiS3,Dupi,macBP4,18,1,0,NaN,NaN,NaN,1272,1462,1
250818_Dupi_NMH_JH_3,DupiS3,Dupi,macBP4,19,1,0,NaN,NaN,NaN,1816,2082,1
250818_Dupi_NMH_JH_3,DupiS3,Dupi,macBP4,20,1,0,NaN,NaN,NaN,288,604,1
250818_Dupi_NMH_JH_3,DupiS3,Dupi,macBP4,21,1,0,NaN,NaN,NaN,556,902,1
250818_Dupi_NMH_JH_3,DupiS3,Dupi,macBP4,22,1,0,NaN,NaN,NaN,246,488,1
250818_Dupi_NMH_JH_3,DupiS3,Dupi,macBP4,23,1,0,NaN,NaN,NaN,2752,2972,1
250818_Dupi_NMH_JH_3,DupiS3,Dupi,macBP4,24,1,0,NaN,NaN,NaN,1552,1952,1
250818_Dupi_NMH_JH_3,DupiS3,Dupi,macBP4,25,1,0,NaN,NaN,NaN,2386,2690,1
250818_Dupi_NMH_JH_3,DupiS3,Dupi,macBP4,26,1,0,NaN,NaN,NaN,1278,1476,1
250818_Dupi_NMH_JH_3,DupiS3,Dupi,macBP4,27,1,0,NaN,NaN,NaN,1632,1866,1
250818_Dupi_NMH_JH_3,DupiS3,Dupi,macBP4,28,1,0,NaN,NaN,NaN,2384,2554,1
250818_Dupi_NMH_JH_3,DupiS3,Dupi,macBP4,29,1,0,NaN,NaN,NaN,1382,1610,1
250818_Dupi_NMH_JH_3,DupiS3,Dupi,macBP4,30,1,0,NaN,NaN,NaN,2536,2772,1
250818_Dupi_NMH_JH_3,DupiS3,Dupi,macBP4,31,1,0,NaN,NaN,NaN,1298,1440,1
250818_Dupi_NMH_JH_3,DupiS3,Dupi,macBP4,32,1,0,NaN,NaN,NaN,2470,2664,1
250818_Dupi_NMH_JH_3,DupiS3,Dupi,macBP4,33,1,0,NaN,NaN,NaN,404,700,1
250818_Dupi_NMH_JH_3,DupiS3,Dupi,macBP4,34,1,0,NaN,NaN,NaN,312,544,1
250818_Dupi_NMH_JH_3,DupiS3,Dupi,macBP4,35,1,0,NaN,NaN,NaN,1422,1624,1
250818_Dupi_NMH_JH_3,DupiS3,Dupi,macBP4,36,1,0,NaN,NaN,NaN,1974,2160,1
250818_Dupi_NMH_JH_3,DupiS3,Dupi,macBP4,37,1,0,0.620533892650076,2006,2008,1710,2124,1
250818_Dupi_NMH_JH_3,DupiS3,Dupi,macBP4,38,1,0,NaN,NaN,NaN,2378,2698,1
250818_Dupi_NMH_JH_3,DupiS3,Dupi,macBP4,39,1,0,NaN,NaN,NaN,2504,2798,1
251120_Dupi_NMH_JL_1,DupiS1,Dupi,macBP1,1,1,0,NaN,NaN,NaN,542,750,1
251120_Dupi_NMH_JL_1,DupiS1,Dupi,macBP1,2,1,0,NaN,NaN,NaN,2,228,1
251120_Dupi_NMH_JL_1,DupiS1,Dupi,macBP1,3,1,0,NaN,NaN,NaN,2,242,1
251120_Dupi_NMH_JL_1,DupiS1,Dupi,macBP1,4,1,0,NaN,NaN,NaN,1770,2064,1
251120_Dupi_NMH_JL_1,DupiS1,Dupi,macBP1,5,1,0,NaN,NaN,NaN,1920,2144,1
251120_Dupi_NMH_JL_1,DupiS1,Dupi,macBP1,6,1,0,NaN,NaN,NaN,236,494,1
251120_Dupi_NMH_JL_1,DupiS1,Dupi,macBP1,7,1,0,NaN,NaN,NaN,950,1252,1
251120_Dupi_NMH_JL_1,DupiS1,Dupi,macBP1,8,1,0,NaN,NaN,NaN,1068,1488,1
251120_Dupi_NMH_JL_1,DupiS1,Dupi,macBP1,9,1,0,NaN,NaN,NaN,1058,1352,1
251120_Dupi_NMH_JL_1,DupiS1,Dupi,macBP1,10,1,0,NaN,NaN,NaN,1382,1620,1
251120_Dupi_NMH_JL_1,DupiS1,Dupi,macBP1,11,1,0,0.687775455545175,350,496,280,564,1
251120_Dupi_NMH_JL_1,DupiS1,Dupi,macBP1,12,1,0,NaN,NaN,NaN,124,322,1
251120_Dupi_NMH_JL_1,DupiS1,Dupi,macBP1,13,1,0,NaN,NaN,NaN,2576,2798,1
251120_Dupi_NMH_JL_1,DupiS1,Dupi,macBP1,14,1,0,NaN,NaN,NaN,320,576,1
251120_Dupi_NMH_JL_1,DupiS1,Dupi,macBP1,15,1,0,NaN,NaN,NaN,484,732,1
251120_Dupi_NMH_JL_1,DupiS1,Dupi,macBP1,16,1,0,NaN,NaN,NaN,550,808,1
251120_Dupi_NMH_JL_1,DupiS1,Dupi,macBP1,17,1,0,NaN,NaN,NaN,2842,3000,1
251120_Dupi_NMH_JL_1,DupiS1,Dupi,macBP1,18,1,0,NaN,NaN,NaN,1902,2100,1
251120_Dupi_NMH_JL_1,DupiS1,Dupi,macBP1,19,1,0,NaN,NaN,NaN,2,276,1
251120_Dupi_NMH_JL_1,DupiS1,Dupi,macBP1,20,1,0,NaN,NaN,NaN,2268,2574,1
251120_Dupi_NMH_JL_1,DupiS1,Dupi,macBP1,21,1,0,NaN,NaN,NaN,1094,1244,1
251120_Dupi_NMH_JL_1,DupiS1,Dupi,macBP1,22,1,0,NaN,NaN,NaN,1160,1342,1
251120_Dupi_NMH_JL_1,DupiS1,Dupi,macBP1,23,1,0,NaN,NaN,NaN,2018,2510,1
251120_Dupi_NMH_JL_1,DupiS1,Dupi,macBP1,24,1,0,NaN,NaN,NaN,2064,2322,1
251120_Dupi_NMH_JL_1,DupiS1,Dupi,macBP1,25,1,0,NaN,NaN,NaN,308,504,1
251120_Dupi_NMH_JL_1,DupiS1,Dupi,macBP1,26,1,0,NaN,NaN,NaN,412,660,1
251120_Dupi_NMH_JL_1,DupiS1,Dupi,macBP1,27,1,0,NaN,NaN,NaN,1836,2028,1
251120_Dupi_NMH_JL_1,DupiS1,Dupi,macBP1,28,1,0,NaN,NaN,NaN,286,512,1
251120_Dupi_NMH_JL_1,DupiS1,Dupi,macBP1,29,1,0,NaN,NaN,NaN,1478,1736,1
251120_Dupi_NMH_JL_1,DupiS1,Dupi,macBP1,30,1,0,NaN,NaN,NaN,296,544,1
251120_Dupi_NMH_JL_1,DupiS1,Dupi,macBP1,31,1,0,NaN,NaN,NaN,1366,1656,1
251120_Dupi_NMH_JL_1,DupiS1,Dupi,macBP1,32,1,0,NaN,NaN,NaN,812,1296,1
251120_Dupi_NMH_JL_1,DupiS1,Dupi,macBP1,33,1,0,NaN,NaN,NaN,1102,1302,1
251120_Dupi_NMH_JL_1,DupiS1,Dupi,macBP1,34,1,0,NaN,NaN,NaN,2136,2366,1
251120_Dupi_NMH_JL_1,DupiS1,Dupi,macBP1,35,1,0,NaN,NaN,NaN,454,648,1
251120_Dupi_NMH_JL_1,DupiS1,Dupi,macBP1,36,1,0,NaN,NaN,NaN,2624,2894,1
251120_Dupi_NMH_JL_1,DupiS1,Dupi,macBP1,37,1,0,NaN,NaN,NaN,2260,2506,1
251120_Dupi_NMH_JL_1,DupiS1,Dupi,macBP1,38,1,0,NaN,NaN,NaN,2578,2786,1
251120_Dupi_NMH_JL_1,DupiS1,Dupi,macBP1,39,1,0,NaN,NaN,NaN,390,576,1
251120_Dupi_NMH_JL_1,DupiS1,Dupi,macBP1,40,1,0,NaN,NaN,NaN,1880,2074,1
251110_Dupi_NMH_PC_2,DupiS2,Dupi,macBP1,1,1,0,NaN,NaN,NaN,866,1094,1
251110_Dupi_NMH_PC_2,DupiS2,Dupi,macBP1,2,1,0,NaN,NaN,NaN,954,1186,1
251110_Dupi_NMH_PC_2,DupiS2,Dupi,macBP1,3,1,0,NaN,NaN,NaN,1126,1426,1
251110_Dupi_NMH_PC_2,DupiS2,Dupi,macBP1,4,1,0,NaN,NaN,NaN,2166,2532,1
251110_Dupi_NMH_PC_2,DupiS2,Dupi,macBP1,5,1,0,NaN,NaN,NaN,6,178,1
251110_Dupi_NMH_PC_2,DupiS2,Dupi,macBP1,6,1,0,NaN,NaN,NaN,2406,2728,1
251110_Dupi_NMH_PC_2,DupiS2,Dupi,macBP1,7,1,0,NaN,NaN,NaN,2662,2782,1
251110_Dupi_NMH_PC_2,DupiS2,Dupi,macBP1,8,1,0,NaN,NaN,NaN,1808,1982,1
251110_Dupi_NMH_PC_2,DupiS2,Dupi,macBP1,9,1,0,NaN,NaN,NaN,1280,1558,1
251110_Dupi_NMH_PC_2,DupiS2,Dupi,macBP1,10,1,0,NaN,NaN,NaN,2884,3000,1
251110_Dupi_NMH_PC_2,DupiS2,Dupi,macBP1,11,1,0,NaN,NaN,NaN,128,282,1
251110_Dupi_NMH_PC_2,DupiS2,Dupi,macBP1,12,1,0,NaN,NaN,NaN,2,200,1
251110_Dupi_NMH_PC_2,DupiS2,Dupi,macBP1,13,1,0,NaN,NaN,NaN,1674,2044,1
251110_Dupi_NMH_PC_2,DupiS2,Dupi,macBP1,14,1,0,NaN,NaN,NaN,2598,2870,1
251110_Dupi_NMH_PC_2,DupiS2,Dupi,macBP1,15,1,0,NaN,NaN,NaN,2766,2924,1
251110_Dupi_NMH_PC_2,DupiS2,Dupi,macBP1,16,1,0,NaN,NaN,NaN,2328,2656,1
251110_Dupi_NMH_PC_2,DupiS2,Dupi,macBP1,17,1,0,NaN,NaN,NaN,1200,1354,1
251110_Dupi_NMH_PC_2,DupiS2,Dupi,macBP1,18,1,0,NaN,NaN,NaN,1698,1882,1
251110_Dupi_NMH_PC_2,DupiS2,Dupi,macBP1,19,1,0,NaN,NaN,NaN,1610,1840,1
251110_Dupi_NMH_PC_2,DupiS2,Dupi,macBP1,20,1,0,NaN,NaN,NaN,2820,2932,1
251110_Dupi_NMH_PC_2,DupiS2,Dupi,macBP1,21,1,0,NaN,NaN,NaN,2700,2926,1
251110_Dupi_NMH_PC_2,DupiS2,Dupi,macBP1,22,1,0,NaN,NaN,NaN,2968,3000,1
251110_Dupi_NMH_PC_2,DupiS2,Dupi,macBP1,23,1,0,NaN,NaN,NaN,1872,2050,1
251110_Dupi_NMH_PC_2,DupiS2,Dupi,macBP1,24,1,0,NaN,NaN,NaN,2722,2896,1
251110_Dupi_NMH_PC_2,DupiS2,Dupi,macBP1,25,1,0,NaN,NaN,NaN,1706,1916,1
251110_Dupi_NMH_PC_2,DupiS2,Dupi,macBP1,26,1,0,NaN,NaN,NaN,1754,1912,1
251110_Dupi_NMH_PC_2,DupiS2,Dupi,macBP1,27,1,0,NaN,NaN,NaN,830,986,1
251110_Dupi_NMH_PC_2,DupiS2,Dupi,macBP1,28,1,0,NaN,NaN,NaN,2,58,1
251110_Dupi_NMH_PC_2,DupiS2,Dupi,macBP1,29,1,0,0.589253878655092,1612,1620,1368,1758,1
251110_Dupi_NMH_PC_2,DupiS2,Dupi,macBP1,30,1,0,NaN,NaN,NaN,1398,1680,1
251110_Dupi_NMH_PC_2,DupiS2,Dupi,macBP1,31,1,0,NaN,NaN,NaN,1494,1792,1
251110_Dupi_NMH_PC_2,DupiS2,Dupi,macBP1,32,1,0,NaN,NaN,NaN,1970,2128,1
251110_Dupi_NMH_PC_2,DupiS2,Dupi,macBP1,33,1,0,NaN,NaN,NaN,2902,3000,1
251110_Dupi_NMH_PC_2,DupiS2,Dupi,macBP1,34,1,0,NaN,NaN,NaN,2076,2248,1
251110_Dupi_NMH_PC_2,DupiS2,Dupi,macBP1,35,1,0,NaN,NaN,NaN,2140,2460,1
251110_Dupi_NMH_PC_2,DupiS2,Dupi,macBP1,36,1,0,NaN,NaN,NaN,2298,2454,1
251110_Dupi_NMH_PC_2,DupiS2,Dupi,macBP1,37,1,0,NaN,NaN,NaN,2,160,1
251110_Dupi_NMH_PC_2,DupiS2,Dupi,macBP1,38,1,0,NaN,NaN,NaN,2224,2436,1
251110_Dupi_NMH_PC_2,DupiS2,Dupi,macBP1,39,1,0,NaN,NaN,NaN,1462,1720,1
251030_Dupi_NMH_DB_2,DupiS2,Dupi,macBP2,1,1,0,NaN,NaN,NaN,1384,1600,1
251030_Dupi_NMH_DB_2,DupiS2,Dupi,macBP2,2,1,0,NaN,NaN,NaN,1560,2052,1
251030_Dupi_NMH_DB_2,DupiS2,Dupi,macBP2,3,1,0,NaN,NaN,NaN,2306,2544,1
251030_Dupi_NMH_DB_2,DupiS2,Dupi,macBP2,4,1,0,NaN,NaN,NaN,1762,1984,1
251030_Dupi_NMH_DB_2,DupiS2,Dupi,macBP2,5,1,0,NaN,NaN,NaN,2392,2720,1
251030_Dupi_NMH_DB_2,DupiS2,Dupi,macBP2,6,1,0,NaN,NaN,NaN,2480,2646,1
251030_Dupi_NMH_DB_2,DupiS2,Dupi,macBP2,7,1,0,NaN,NaN,NaN,1148,1498,1
251030_Dupi_NMH_DB_2,DupiS2,Dupi,macBP2,8,1,0,NaN,NaN,NaN,864,992,1
251030_Dupi_NMH_DB_2,DupiS2,Dupi,macBP2,9,1,0,NaN,NaN,NaN,942,1858,1
251030_Dupi_NMH_DB_2,DupiS2,Dupi,macBP2,10,1,0,NaN,NaN,NaN,898,1128,1
251030_Dupi_NMH_DB_2,DupiS2,Dupi,macBP2,11,1,0,NaN,NaN,NaN,996,1182,1
251030_Dupi_NMH_DB_2,DupiS2,Dupi,macBP2,12,1,0,NaN,NaN,NaN,1454,1688,1
251030_Dupi_NMH_DB_2,DupiS2,Dupi,macBP2,13,1,0,NaN,NaN,NaN,912,1114,1
251030_Dupi_NMH_DB_2,DupiS2,Dupi,macBP2,14,1,0,NaN,NaN,NaN,1036,1238,1
251030_Dupi_NMH_DB_2,DupiS2,Dupi,macBP2,15,1,0,NaN,NaN,NaN,2270,2538,1
251030_Dupi_NMH_DB_2,DupiS2,Dupi,macBP2,16,1,0,NaN,NaN,NaN,2454,2752,1
251030_Dupi_NMH_DB_2,DupiS2,Dupi,macBP2,17,1,0,0.939170022919366,2214,2216,2104,2360,1
251030_Dupi_NMH_DB_2,DupiS2,Dupi,macBP2,18,1,0,NaN,NaN,NaN,1704,1886,1
251030_Dupi_NMH_DB_2,DupiS2,Dupi,macBP2,19,1,0,NaN,NaN,NaN,712,970,1
251030_Dupi_NMH_DB_2,DupiS2,Dupi,macBP2,20,1,0,NaN,NaN,NaN,2080,2704,1
251030_Dupi_NMH_DB_2,DupiS2,Dupi,macBP2,21,1,0,NaN,NaN,NaN,946,1106,1
251030_Dupi_NMH_DB_2,DupiS2,Dupi,macBP2,22,1,0,NaN,NaN,NaN,2,124,1
251030_Dupi_NMH_DB_2,DupiS2,Dupi,macBP2,23,1,0,NaN,NaN,NaN,2362,2614,1
251030_Dupi_NMH_DB_2,DupiS2,Dupi,macBP2,24,1,0,NaN,NaN,NaN,546,736,1
251030_Dupi_NMH_DB_2,DupiS2,Dupi,macBP2,25,1,0,NaN,NaN,NaN,524,1134,1
251030_Dupi_NMH_DB_2,DupiS2,Dupi,macBP2,26,1,0,NaN,NaN,NaN,1254,1914,1
251030_Dupi_NMH_DB_2,DupiS2,Dupi,macBP2,27,1,0,NaN,NaN,NaN,278,532,1
251030_Dupi_NMH_DB_2,DupiS2,Dupi,macBP2,28,1,0,NaN,NaN,NaN,1358,1586,1
251030_Dupi_NMH_DB_2,DupiS2,Dupi,macBP2,29,1,0,NaN,NaN,NaN,564,838,1
251030_Dupi_NMH_DB_2,DupiS2,Dupi,macBP2,30,1,0,NaN,NaN,NaN,1258,1682,1
251030_Dupi_NMH_DB_2,DupiS2,Dupi,macBP2,31,1,0,NaN,NaN,NaN,1244,1756,1
251030_Dupi_NMH_DB_2,DupiS2,Dupi,macBP2,32,1,0,NaN,NaN,NaN,1610,1800,1
251030_Dupi_NMH_DB_2,DupiS2,Dupi,macBP2,33,1,0,NaN,NaN,NaN,594,820,1
251030_Dupi_NMH_DB_2,DupiS2,Dupi,macBP2,34,1,0,NaN,NaN,NaN,1702,2004,1
251030_Dupi_NMH_DB_2,DupiS2,Dupi,macBP2,35,1,0,NaN,NaN,NaN,2432,2658,1
251030_Dupi_NMH_DB_2,DupiS2,Dupi,macBP2,36,1,0,NaN,NaN,NaN,802,1066,1
251030_Dupi_NMH_DB_2,DupiS2,Dupi,macBP2,37,1,0,NaN,NaN,NaN,2496,2708,1
251120_Dupi_NMH_JL_2,DupiS2,Dupi,macBP1,1,1,0,NaN,NaN,NaN,900,1082,1
251120_Dupi_NMH_JL_2,DupiS2,Dupi,macBP1,2,1,0,0.767646229739555,2432,2502,2360,2674,1
251120_Dupi_NMH_JL_2,DupiS2,Dupi,macBP1,3,1,0,NaN,NaN,NaN,410,796,1
251120_Dupi_NMH_JL_2,DupiS2,Dupi,macBP1,4,1,0,NaN,NaN,NaN,2798,3000,1
251120_Dupi_NMH_JL_2,DupiS2,Dupi,macBP1,5,1,0,NaN,NaN,NaN,1284,1466,1
251120_Dupi_NMH_JL_2,DupiS2,Dupi,macBP1,6,1,0,NaN,NaN,NaN,2658,2900,1
251120_Dupi_NMH_JL_2,DupiS2,Dupi,macBP1,7,1,0,NaN,NaN,NaN,588,778,1
251120_Dupi_NMH_JL_2,DupiS2,Dupi,macBP1,8,1,0,NaN,NaN,NaN,2166,2532,1
251120_Dupi_NMH_JL_2,DupiS2,Dupi,macBP1,9,1,0,NaN,NaN,NaN,1522,1762,1
251120_Dupi_NMH_JL_2,DupiS2,Dupi,macBP1,10,1,0,NaN,NaN,NaN,1262,1616,1
251120_Dupi_NMH_JL_2,DupiS2,Dupi,macBP1,11,1,0,NaN,NaN,NaN,2570,2732,1
251120_Dupi_NMH_JL_2,DupiS2,Dupi,macBP1,12,1,0,NaN,NaN,NaN,2092,2468,1
251120_Dupi_NMH_JL_2,DupiS2,Dupi,macBP1,13,1,0,NaN,NaN,NaN,1178,1366,1
251120_Dupi_NMH_JL_2,DupiS2,Dupi,macBP1,14,1,0,NaN,NaN,NaN,986,1226,1
251120_Dupi_NMH_JL_2,DupiS2,Dupi,macBP1,15,1,0,0.531565832574563,1404,1410,1236,1474,1
251120_Dupi_NMH_JL_2,DupiS2,Dupi,macBP1,16,1,0,NaN,NaN,NaN,254,488,1
251120_Dupi_NMH_JL_2,DupiS2,Dupi,macBP1,17,1,0,NaN,NaN,NaN,442,598,1
251120_Dupi_NMH_JL_2,DupiS2,Dupi,macBP1,18,1,0,NaN,NaN,NaN,1954,2108,1
251120_Dupi_NMH_JL_2,DupiS2,Dupi,macBP1,19,1,0,NaN,NaN,NaN,390,544,1
251120_Dupi_NMH_JL_2,DupiS2,Dupi,macBP1,20,1,0,NaN,NaN,NaN,580,1058,1
251120_Dupi_NMH_JL_2,DupiS2,Dupi,macBP1,21,1,0,NaN,NaN,NaN,402,720,1
251120_Dupi_NMH_JL_2,DupiS2,Dupi,macBP1,22,1,0,NaN,NaN,NaN,1496,1690,1
251120_Dupi_NMH_JL_2,DupiS2,Dupi,macBP1,23,1,0,NaN,NaN,NaN,1328,1576,1
251120_Dupi_NMH_JL_2,DupiS2,Dupi,macBP1,24,1,0,NaN,NaN,NaN,840,1060,1
251120_Dupi_NMH_JL_2,DupiS2,Dupi,macBP1,25,1,0,NaN,NaN,NaN,1556,1820,1
251120_Dupi_NMH_JL_2,DupiS2,Dupi,macBP1,26,1,0,NaN,NaN,NaN,852,1192,1
251120_Dupi_NMH_JL_2,DupiS2,Dupi,macBP1,27,1,0,NaN,NaN,NaN,2142,2448,1
251120_Dupi_NMH_JL_2,DupiS2,Dupi,macBP1,28,1,0,NaN,NaN,NaN,202,476,1
251120_Dupi_NMH_JL_2,DupiS2,Dupi,macBP1,29,1,0,NaN,NaN,NaN,334,538,1
251120_Dupi_NMH_JL_2,DupiS2,Dupi,macBP1,30,1,0,NaN,NaN,NaN,1506,1786,1
251120_Dupi_NMH_JL_2,DupiS2,Dupi,macBP1,31,1,0,NaN,NaN,NaN,410,658,1
251120_Dupi_NMH_JL_2,DupiS2,Dupi,macBP1,32,1,0,NaN,NaN,NaN,2,38,1
251120_Dupi_NMH_JL_2,DupiS2,Dupi,macBP1,33,1,0,NaN,NaN,NaN,452,696,1
251120_Dupi_NMH_JL_2,DupiS2,Dupi,macBP1,34,1,0,NaN,NaN,NaN,492,676,1
251120_Dupi_NMH_JL_2,DupiS2,Dupi,macBP1,35,1,0,NaN,NaN,NaN,96,404,1
251120_Dupi_NMH_JL_2,DupiS2,Dupi,macBP1,36,1,0,NaN,NaN,NaN,116,570,1
251120_Dupi_NMH_JL_2,DupiS2,Dupi,macBP1,37,1,0,NaN,NaN,NaN,2456,2786,1
251120_Dupi_NMH_JL_2,DupiS2,Dupi,macBP1,38,1,0,NaN,NaN,NaN,386,582,1
251120_Dupi_NMH_JL_2,DupiS2,Dupi,macBP1,39,1,0,NaN,NaN,NaN,270,574,1
250811_Dupi_NMH_TB_3,DupiS3,Dupi,macBP1,1,1,0,NaN,NaN,NaN,388,642,1
250811_Dupi_NMH_TB_3,DupiS3,Dupi,macBP1,2,1,0,NaN,NaN,NaN,2048,2434,1
250811_Dupi_NMH_TB_3,DupiS3,Dupi,macBP1,3,1,0,NaN,NaN,NaN,1940,2096,1
250811_Dupi_NMH_TB_3,DupiS3,Dupi,macBP1,4,1,0,NaN,NaN,NaN,272,456,1
250811_Dupi_NMH_TB_3,DupiS3,Dupi,macBP1,5,1,0,NaN,NaN,NaN,2836,3000,1
250811_Dupi_NMH_TB_3,DupiS3,Dupi,macBP1,6,1,0,NaN,NaN,NaN,166,538,1
250811_Dupi_NMH_TB_3,DupiS3,Dupi,macBP1,7,1,0,NaN,NaN,NaN,1838,2274,1
250811_Dupi_NMH_TB_3,DupiS3,Dupi,macBP1,8,1,0,NaN,NaN,NaN,672,808,1
250811_Dupi_NMH_TB_3,DupiS3,Dupi,macBP1,9,1,0,NaN,NaN,NaN,264,414,1
250811_Dupi_NMH_TB_3,DupiS3,Dupi,macBP1,10,1,0,NaN,NaN,NaN,248,546,1
250811_Dupi_NMH_TB_3,DupiS3,Dupi,macBP1,11,1,0,NaN,NaN,NaN,2420,2594,1
250811_Dupi_NMH_TB_3,DupiS3,Dupi,macBP1,12,1,0,0.917513558980591,328,330,2,652,1
250811_Dupi_NMH_TB_3,DupiS3,Dupi,macBP1,13,1,0,NaN,NaN,NaN,2,232,1
250811_Dupi_NMH_TB_3,DupiS3,Dupi,macBP1,14,1,0,NaN,NaN,NaN,514,718,1
250811_Dupi_NMH_TB_3,DupiS3,Dupi,macBP1,15,1,0,NaN,NaN,NaN,74,448,1
250811_Dupi_NMH_TB_3,DupiS3,Dupi,macBP1,16,1,0,NaN,NaN,NaN,178,392,1
250811_Dupi_NMH_TB_3,DupiS3,Dupi,macBP1,17,1,0,NaN,NaN,NaN,788,1144,1
250811_Dupi_NMH_TB_3,DupiS3,Dupi,macBP1,18,1,0,NaN,NaN,NaN,2854,3000,1
250811_Dupi_NMH_TB_3,DupiS3,Dupi,macBP1,19,1,0,NaN,NaN,NaN,2250,2456,1
250811_Dupi_NMH_TB_3,DupiS3,Dupi,macBP1,20,1,0,NaN,NaN,NaN,2216,2412,1
250811_Dupi_NMH_TB_3,DupiS3,Dupi,macBP1,21,1,0,NaN,NaN,NaN,896,1102,1
250811_Dupi_NMH_TB_3,DupiS3,Dupi,macBP1,22,1,0,NaN,NaN,NaN,4,192,1
250811_Dupi_NMH_TB_3,DupiS3,Dupi,macBP1,23,1,0,NaN,NaN,NaN,1502,1760,1
250811_Dupi_NMH_TB_3,DupiS3,Dupi,macBP1,24,1,0,NaN,NaN,NaN,2256,2466,1
250811_Dupi_NMH_TB_3,DupiS3,Dupi,macBP1,25,1,0,NaN,NaN,NaN,2586,2816,1
250811_Dupi_NMH_TB_3,DupiS3,Dupi,macBP1,26,1,0,NaN,NaN,NaN,2498,2834,1
250811_Dupi_NMH_TB_3,DupiS3,Dupi,macBP1,27,1,0,NaN,NaN,NaN,762,1044,1
250811_Dupi_NMH_TB_3,DupiS3,Dupi,macBP1,28,1,0,NaN,NaN,NaN,768,974,1
250811_Dupi_NMH_TB_3,DupiS3,Dupi,macBP1,29,1,0,NaN,NaN,NaN,978,1224,1
250811_Dupi_NMH_TB_3,DupiS3,Dupi,macBP1,30,1,0,NaN,NaN,NaN,2192,2326,1
250811_Dupi_NMH_TB_3,DupiS3,Dupi,macBP1,31,1,0,NaN,NaN,NaN,2,172,1
250811_Dupi_NMH_TB_3,DupiS3,Dupi,macBP1,32,1,0,NaN,NaN,NaN,2134,2448,1
250929_Dupi_NMH_GH_3,DupiS3,Dupi,macBP3,1,1,0,NaN,NaN,NaN,1336,1516,1
250929_Dupi_NMH_GH_3,DupiS3,Dupi,macBP3,2,1,0,NaN,NaN,NaN,580,708,1
250929_Dupi_NMH_GH_3,DupiS3,Dupi,macBP3,3,1,0,NaN,NaN,NaN,1386,1654,1
250929_Dupi_NMH_GH_3,DupiS3,Dupi,macBP3,4,1,0,NaN,NaN,NaN,2800,3000,1
250929_Dupi_NMH_GH_3,DupiS3,Dupi,macBP3,5,1,0,NaN,NaN,NaN,2874,3000,1
250929_Dupi_NMH_GH_3,DupiS3,Dupi,macBP3,6,1,0,NaN,NaN,NaN,138,264,1
250929_Dupi_NMH_GH_3,DupiS3,Dupi,macBP3,7,1,0,NaN,NaN,NaN,1766,1894,1
250929_Dupi_NMH_GH_3,DupiS3,Dupi,macBP3,8,1,0,NaN,NaN,NaN,226,388,1
250929_Dupi_NMH_GH_3,DupiS3,Dupi,macBP3,9,1,0,NaN,NaN,NaN,136,270,1
250929_Dupi_NMH_GH_3,DupiS3,Dupi,macBP3,10,1,0,NaN,NaN,NaN,1266,1500,1
250929_Dupi_NMH_GH_3,DupiS3,Dupi,macBP3,11,1,0,NaN,NaN,NaN,2832,3000,1
250929_Dupi_NMH_GH_3,DupiS3,Dupi,macBP3,12,1,0,NaN,NaN,NaN,1722,1942,1
250929_Dupi_NMH_GH_3,DupiS3,Dupi,macBP3,13,1,0,NaN,NaN,NaN,642,962,1
250929_Dupi_NMH_GH_3,DupiS3,Dupi,macBP3,14,1,0,NaN,NaN,NaN,308,468,1
250929_Dupi_NMH_GH_3,DupiS3,Dupi,macBP3,15,1,0,NaN,NaN,NaN,544,804,1
250929_Dupi_NMH_GH_3,DupiS3,Dupi,macBP3,16,1,0,NaN,NaN,NaN,1860,2134,1
250929_Dupi_NMH_GH_3,DupiS3,Dupi,macBP3,17,1,0,NaN,NaN,NaN,928,1104,1
250929_Dupi_NMH_GH_3,DupiS3,Dupi,macBP3,18,1,0,0.512151585464832,2036,2114,1986,2174,1
250929_Dupi_NMH_GH_3,DupiS3,Dupi,macBP3,19,1,0,NaN,NaN,NaN,220,420,1
250929_Dupi_NMH_GH_3,DupiS3,Dupi,macBP3,20,1,0,NaN,NaN,NaN,2,164,1
250929_Dupi_NMH_GH_3,DupiS3,Dupi,macBP3,21,1,0,NaN,NaN,NaN,222,448,1
250929_Dupi_NMH_GH_3,DupiS3,Dupi,macBP3,22,1,0,NaN,NaN,NaN,2292,2500,1
250929_Dupi_NMH_GH_3,DupiS3,Dupi,macBP3,23,1,0,NaN,NaN,NaN,174,544,1
250929_Dupi_NMH_GH_3,DupiS3,Dupi,macBP3,24,1,0,NaN,NaN,NaN,2470,2628,1
250929_Dupi_NMH_GH_3,DupiS3,Dupi,macBP3,25,1,0,NaN,NaN,NaN,2,48,1
250929_Dupi_NMH_GH_3,DupiS3,Dupi,macBP3,26,1,0,NaN,NaN,NaN,2556,2692,1
250929_Dupi_NMH_GH_3,DupiS3,Dupi,macBP3,27,1,0,NaN,NaN,NaN,1916,2096,1
250929_Dupi_NMH_GH_3,DupiS3,Dupi,macBP3,28,1,0,NaN,NaN,NaN,1960,2096,1
250929_Dupi_NMH_GH_3,DupiS3,Dupi,macBP3,29,1,0,NaN,NaN,NaN,768,946,1
250929_Dupi_NMH_GH_3,DupiS3,Dupi,macBP3,30,1,0,NaN,NaN,NaN,1470,1636,1
250929_Dupi_NMH_GH_3,DupiS3,Dupi,macBP3,31,1,0,0.754710894282088,86,92,2,156,1
250929_Dupi_NMH_GH_3,DupiS3,Dupi,macBP3,32,1,0,NaN,NaN,NaN,2228,2534,1
250929_Dupi_NMH_GH_3,DupiS3,Dupi,macBP3,33,1,0,NaN,NaN,NaN,238,348,1
250929_Dupi_NMH_GH_3,DupiS3,Dupi,macBP3,34,1,0,NaN,NaN,NaN,426,572,1
250929_Dupi_NMH_GH_3,DupiS3,Dupi,macBP3,35,1,0,NaN,NaN,NaN,2534,2796,1
250929_Dupi_NMH_GH_3,DupiS3,Dupi,macBP3,36,1,0,NaN,NaN,NaN,274,494,1
250929_Dupi_NMH_GH_3,DupiS3,Dupi,macBP3,37,1,0,NaN,NaN,NaN,1058,1210,1
250929_Dupi_NMH_GH_3,DupiS3,Dupi,macBP3,38,1,0,NaN,NaN,NaN,72,214,1
250929_Dupi_NMH_GH_3,DupiS3,Dupi,macBP3,39,1,0,NaN,NaN,NaN,1864,2336,1
250929_Dupi_NMH_GH_3,DupiS3,Dupi,macBP3,40,1,0,NaN,NaN,NaN,2732,3000,1
251002_Dupi_NMH_AB_3,DupiS3,Dupi,macBP1,1,1,0,NaN,NaN,NaN,364,668,1
251002_Dupi_NMH_AB_3,DupiS3,Dupi,macBP1,2,1,0,NaN,NaN,NaN,2028,2284,1
251002_Dupi_NMH_AB_3,DupiS3,Dupi,macBP1,3,1,0,NaN,NaN,NaN,1490,1740,1
251002_Dupi_NMH_AB_3,DupiS3,Dupi,macBP1,4,1,0,NaN,NaN,NaN,1106,1524,1
251002_Dupi_NMH_AB_3,DupiS3,Dupi,macBP1,5,1,0,0.629824823093705,2534,2548,2468,2824,1
251002_Dupi_NMH_AB_3,DupiS3,Dupi,macBP1,6,1,0,NaN,NaN,NaN,140,424,1
251002_Dupi_NMH_AB_3,DupiS3,Dupi,macBP1,7,1,0,NaN,NaN,NaN,1632,1812,1
251002_Dupi_NMH_AB_3,DupiS3,Dupi,macBP1,8,1,0,NaN,NaN,NaN,270,560,1
251002_Dupi_NMH_AB_3,DupiS3,Dupi,macBP1,9,1,0,NaN,NaN,NaN,1796,1984,1
251002_Dupi_NMH_AB_3,DupiS3,Dupi,macBP1,10,1,0,NaN,NaN,NaN,1154,1478,1
251002_Dupi_NMH_AB_3,DupiS3,Dupi,macBP1,11,1,0,NaN,NaN,NaN,436,858,1
251002_Dupi_NMH_AB_3,DupiS3,Dupi,macBP1,12,1,0,NaN,NaN,NaN,2324,2500,1
251002_Dupi_NMH_AB_3,DupiS3,Dupi,macBP1,13,1,0,NaN,NaN,NaN,2716,3000,1
251002_Dupi_NMH_AB_3,DupiS3,Dupi,macBP1,14,1,0,NaN,NaN,NaN,294,580,1
251002_Dupi_NMH_AB_3,DupiS3,Dupi,macBP1,15,1,0,NaN,NaN,NaN,2348,2544,1
251002_Dupi_NMH_AB_3,DupiS3,Dupi,macBP1,16,1,0,NaN,NaN,NaN,1096,1308,1
251002_Dupi_NMH_AB_3,DupiS3,Dupi,macBP1,17,1,0,NaN,NaN,NaN,1246,1466,1
251002_Dupi_NMH_AB_3,DupiS3,Dupi,macBP1,18,1,0,NaN,NaN,NaN,2710,2946,1
251002_Dupi_NMH_AB_3,DupiS3,Dupi,macBP1,19,1,0,NaN,NaN,NaN,384,746,1
251002_Dupi_NMH_AB_3,DupiS3,Dupi,macBP1,20,1,0,NaN,NaN,NaN,556,850,1
251002_Dupi_NMH_AB_3,DupiS3,Dupi,macBP1,21,1,0,NaN,NaN,NaN,2286,2562,1
251002_Dupi_NMH_AB_3,DupiS3,Dupi,macBP1,22,1,0,NaN,NaN,NaN,182,444,1
251002_Dupi_NMH_AB_3,DupiS3,Dupi,macBP1,23,1,0,NaN,NaN,NaN,326,858,1
251002_Dupi_NMH_AB_3,DupiS3,Dupi,macBP1,24,1,0,NaN,NaN,NaN,2090,2876,1
251002_Dupi_NMH_AB_3,DupiS3,Dupi,macBP1,25,1,0,NaN,NaN,NaN,2504,2718,1
251002_Dupi_NMH_AB_3,DupiS3,Dupi,macBP1,26,1,0,NaN,NaN,NaN,1846,2096,1
251002_Dupi_NMH_AB_3,DupiS3,Dupi,macBP1,27,1,0,NaN,NaN,NaN,1782,1978,1
251002_Dupi_NMH_AB_3,DupiS3,Dupi,macBP1,28,1,0,NaN,NaN,NaN,1000,1270,1
251002_Dupi_NMH_AB_3,DupiS3,Dupi,macBP1,29,1,0,NaN,NaN,NaN,2310,3000,1
251002_Dupi_NMH_AB_3,DupiS3,Dupi,macBP1,30,1,0,NaN,NaN,NaN,302,534,1
251002_Dupi_NMH_AB_3,DupiS3,Dupi,macBP1,31,1,0,NaN,NaN,NaN,690,1186,1
251002_Dupi_NMH_AB_3,DupiS3,Dupi,macBP1,32,1,0,NaN,NaN,NaN,1686,2468,1
251002_Dupi_NMH_AB_3,DupiS3,Dupi,macBP1,33,1,0,NaN,NaN,NaN,586,844,1
251002_Dupi_NMH_AB_3,DupiS3,Dupi,macBP1,34,1,0,NaN,NaN,NaN,728,1052,1
251002_Dupi_NMH_AB_3,DupiS3,Dupi,macBP1,35,1,0,0.893988041613713,280,324,188,724,1
251002_Dupi_NMH_AB_3,DupiS3,Dupi,macBP1,36,1,0,0.543915194985,2006,2154,1830,2314,1
251002_Dupi_NMH_AB_3,DupiS3,Dupi,macBP1,37,1,0,0.931194408763694,2026,2070,1964,2180,1
251002_Dupi_NMH_AB_3,DupiS3,Dupi,macBP1,38,1,0,NaN,NaN,NaN,1834,2026,1
251002_Dupi_NMH_AB_3,DupiS3,Dupi,macBP1,39,1,0,0.952740869235296,2220,2304,2076,2442,1
251013_Dupi_NMH_JN_3,DupiS3,Dupi,macBP5,1,1,0,NaN,NaN,NaN,1528,1692,1
251013_Dupi_NMH_JN_3,DupiS3,Dupi,macBP5,2,1,0,0.510334011595625,2938,2942,2912,3000,1
251013_Dupi_NMH_JN_3,DupiS3,Dupi,macBP5,3,1,0,NaN,NaN,NaN,1122,1448,1
251013_Dupi_NMH_JN_3,DupiS3,Dupi,macBP5,4,1,0,NaN,NaN,NaN,1826,2124,1
251013_Dupi_NMH_JN_3,DupiS3,Dupi,macBP5,5,1,0,NaN,NaN,NaN,910,1100,1
251013_Dupi_NMH_JN_3,DupiS3,Dupi,macBP5,6,1,0,NaN,NaN,NaN,1668,1844,1
251013_Dupi_NMH_JN_3,DupiS3,Dupi,macBP5,7,1,0,NaN,NaN,NaN,2108,2336,1
251013_Dupi_NMH_JN_3,DupiS3,Dupi,macBP5,8,1,0,NaN,NaN,NaN,1462,1612,1
251013_Dupi_NMH_JN_3,DupiS3,Dupi,macBP5,9,1,0,NaN,NaN,NaN,1574,1708,1
251013_Dupi_NMH_JN_3,DupiS3,Dupi,macBP5,10,1,0,NaN,NaN,NaN,794,1054,1
251013_Dupi_NMH_JN_3,DupiS3,Dupi,macBP5,11,1,0,NaN,NaN,NaN,1730,1930,1
251013_Dupi_NMH_JN_3,DupiS3,Dupi,macBP5,12,1,0,NaN,NaN,NaN,1634,1748,1
251013_Dupi_NMH_JN_3,DupiS3,Dupi,macBP5,13,1,0,NaN,NaN,NaN,424,658,1
251013_Dupi_NMH_JN_3,DupiS3,Dupi,macBP5,14,1,0,NaN,NaN,NaN,2,54,1
251013_Dupi_NMH_JN_3,DupiS3,Dupi,macBP5,15,1,0,NaN,NaN,NaN,128,396,1
251013_Dupi_NMH_JN_3,DupiS3,Dupi,macBP5,16,1,0,NaN,NaN,NaN,1482,1736,1
251013_Dupi_NMH_JN_3,DupiS3,Dupi,macBP5,17,1,0,NaN,NaN,NaN,2704,2988,1
251013_Dupi_NMH_JN_3,DupiS3,Dupi,macBP5,18,1,0,NaN,NaN,NaN,2174,2404,1
251013_Dupi_NMH_JN_3,DupiS3,Dupi,macBP5,19,1,0,NaN,NaN,NaN,960,1154,1
251013_Dupi_NMH_JN_3,DupiS3,Dupi,macBP5,20,1,0,NaN,NaN,NaN,1916,2272,1
251013_Dupi_NMH_JN_3,DupiS3,Dupi,macBP5,21,1,0,NaN,NaN,NaN,502,772,1
251013_Dupi_NMH_JN_3,DupiS3,Dupi,macBP5,22,1,0,NaN,NaN,NaN,426,648,1
251013_Dupi_NMH_JN_3,DupiS3,Dupi,macBP5,23,1,0,NaN,NaN,NaN,262,378,1
251013_Dupi_NMH_JN_3,DupiS3,Dupi,macBP5,24,1,0,NaN,NaN,NaN,938,1134,1
251013_Dupi_NMH_JN_3,DupiS3,Dupi,macBP5,25,1,0,NaN,NaN,NaN,1078,1234,1
251013_Dupi_NMH_JN_3,DupiS3,Dupi,macBP5,26,1,0,NaN,NaN,NaN,242,440,1
251013_Dupi_NMH_JN_3,DupiS3,Dupi,macBP5,27,1,0,NaN,NaN,NaN,2338,2624,1
251013_Dupi_NMH_JN_3,DupiS3,Dupi,macBP5,28,1,0,NaN,NaN,NaN,2,242,1
251013_Dupi_NMH_JN_3,DupiS3,Dupi,macBP5,29,1,0,NaN,NaN,NaN,1484,1644,1
251013_Dupi_NMH_JN_3,DupiS3,Dupi,macBP5,30,1,0,NaN,NaN,NaN,476,574,1
251013_Dupi_NMH_JN_3,DupiS3,Dupi,macBP5,31,1,0,NaN,NaN,NaN,1500,1730,1
251013_Dupi_NMH_JN_3,DupiS3,Dupi,macBP5,32,1,0,NaN,NaN,NaN,812,1150,1
251013_Dupi_NMH_JN_3,DupiS3,Dupi,macBP5,33,1,0,NaN,NaN,NaN,646,858,1
251013_Dupi_NMH_JN_3,DupiS3,Dupi,macBP5,34,1,0,NaN,NaN,NaN,1870,2108,1
251013_Dupi_NMH_JN_3,DupiS3,Dupi,macBP5,35,1,0,NaN,NaN,NaN,1272,1492,1
251013_Dupi_NMH_JN_3,DupiS3,Dupi,macBP5,36,1,0,NaN,NaN,NaN,1424,1698,1
251013_Dupi_NMH_JN_3,DupiS3,Dupi,macBP5,37,1,0,NaN,NaN,NaN,2466,2620,1
251013_Dupi_NMH_JN_3,DupiS3,Dupi,macBP5,38,1,0,NaN,NaN,NaN,1904,2134,1
251013_Dupi_NMH_JN_3,DupiS3,Dupi,macBP5,39,1,0,NaN,NaN,NaN,980,1136,1
251013_Dupi_NMH_JN_3,DupiS3,Dupi,macBP5,40,1,0,NaN,NaN,NaN,706,946,1
260406_Dupi_NMH_BS_1,DupiS1,Dupi,macBP5,1,1,0,NaN,NaN,NaN,2466,2596,1
260406_Dupi_NMH_BS_1,DupiS1,Dupi,macBP5,2,1,0,NaN,NaN,NaN,214,520,1
260406_Dupi_NMH_BS_1,DupiS1,Dupi,macBP5,3,1,0,NaN,NaN,NaN,964,1214,1
260406_Dupi_NMH_BS_1,DupiS1,Dupi,macBP5,4,1,0,NaN,NaN,NaN,1844,2150,1
260406_Dupi_NMH_BS_1,DupiS1,Dupi,macBP5,5,1,0,NaN,NaN,NaN,306,392,1
260406_Dupi_NMH_BS_1,DupiS1,Dupi,macBP5,6,1,0,NaN,NaN,NaN,812,1118,1
260406_Dupi_NMH_BS_1,DupiS1,Dupi,macBP5,7,1,0,NaN,NaN,NaN,1996,2222,1
260406_Dupi_NMH_BS_1,DupiS1,Dupi,macBP5,8,1,0,NaN,NaN,NaN,336,446,1
260406_Dupi_NMH_BS_1,DupiS1,Dupi,macBP5,9,1,0,NaN,NaN,NaN,1898,2064,1
260406_Dupi_NMH_BS_1,DupiS1,Dupi,macBP5,10,1,0,NaN,NaN,NaN,656,872,1
260406_Dupi_NMH_BS_1,DupiS1,Dupi,macBP5,11,1,0,NaN,NaN,NaN,792,1006,1
260406_Dupi_NMH_BS_1,DupiS1,Dupi,macBP5,12,1,0,NaN,NaN,NaN,1046,1242,1
260406_Dupi_NMH_BS_1,DupiS1,Dupi,macBP5,13,1,0,NaN,NaN,NaN,1216,1432,1
260406_Dupi_NMH_BS_1,DupiS1,Dupi,macBP5,14,1,0,NaN,NaN,NaN,456,638,1
260406_Dupi_NMH_BS_1,DupiS1,Dupi,macBP5,15,1,0,NaN,NaN,NaN,1886,1994,1
260406_Dupi_NMH_BS_1,DupiS1,Dupi,macBP5,16,1,0,NaN,NaN,NaN,1546,1702,1
260406_Dupi_NMH_BS_1,DupiS1,Dupi,macBP5,17,1,0,NaN,NaN,NaN,340,480,1
260406_Dupi_NMH_BS_1,DupiS1,Dupi,macBP5,18,1,0,NaN,NaN,NaN,2434,2652,1
260406_Dupi_NMH_BS_1,DupiS1,Dupi,macBP5,19,1,0,NaN,NaN,NaN,2414,2544,1
260406_Dupi_NMH_BS_1,DupiS1,Dupi,macBP5,20,1,0,NaN,NaN,NaN,764,952,1
260406_Dupi_NMH_BS_1,DupiS1,Dupi,macBP5,21,1,0,NaN,NaN,NaN,888,1020,1
260406_Dupi_NMH_BS_1,DupiS1,Dupi,macBP5,22,1,0,NaN,NaN,NaN,354,510,1
260406_Dupi_NMH_BS_1,DupiS1,Dupi,macBP5,23,1,0,NaN,NaN,NaN,2778,2916,1
260406_Dupi_NMH_BS_1,DupiS1,Dupi,macBP5,24,1,0,NaN,NaN,NaN,2574,2702,1
260406_Dupi_NMH_BS_1,DupiS1,Dupi,macBP5,25,1,0,NaN,NaN,NaN,988,1064,1
260406_Dupi_NMH_BS_1,DupiS1,Dupi,macBP5,26,1,0,NaN,NaN,NaN,788,898,1
260406_Dupi_NMH_BS_1,DupiS1,Dupi,macBP5,27,1,0,NaN,NaN,NaN,2334,2524,1
260406_Dupi_NMH_BS_1,DupiS1,Dupi,macBP5,28,1,0,NaN,NaN,NaN,1734,1872,1
260406_Dupi_NMH_BS_1,DupiS1,Dupi,macBP5,29,1,0,NaN,NaN,NaN,1270,1438,1
260406_Dupi_NMH_BS_1,DupiS1,Dupi,macBP5,30,1,0,NaN,NaN,NaN,1048,1168,1
260406_Dupi_NMH_BS_1,DupiS1,Dupi,macBP5,31,1,0,NaN,NaN,NaN,674,802,1
260406_Dupi_NMH_BS_1,DupiS1,Dupi,macBP5,32,1,0,NaN,NaN,NaN,2556,2670,1
260406_Dupi_NMH_BS_1,DupiS1,Dupi,macBP5,33,1,0,NaN,NaN,NaN,2582,2780,1
260406_Dupi_NMH_BS_1,DupiS1,Dupi,macBP5,34,1,0,NaN,NaN,NaN,1872,1974,1
260406_Dupi_NMH_BS_1,DupiS1,Dupi,macBP5,35,1,0,NaN,NaN,NaN,1866,2020,1
260406_Dupi_NMH_BS_1,DupiS1,Dupi,macBP5,36,1,0,NaN,NaN,NaN,2106,2260,1
260406_Dupi_NMH_BS_1,DupiS1,Dupi,macBP5,37,1,0,NaN,NaN,NaN,268,408,1
260406_Dupi_NMH_BS_1,DupiS1,Dupi,macBP5,38,1,0,NaN,NaN,NaN,1304,1448,1
260406_Dupi_NMH_BS_1,DupiS1,Dupi,macBP5,39,1,0,NaN,NaN,NaN,1880,1988,1
260406_Dupi_NMH_BS_1,DupiS1,Dupi,macBP5,40,1,0,NaN,NaN,NaN,1102,1332,1
260316_Dupi_NMH_PD_1,DupiS1,Dupi,macBP3,1,1,0,NaN,NaN,NaN,246,548,1
260316_Dupi_NMH_PD_1,DupiS1,Dupi,macBP3,2,1,0,NaN,NaN,NaN,104,410,1
260316_Dupi_NMH_PD_1,DupiS1,Dupi,macBP3,3,1,0,NaN,NaN,NaN,2354,2636,1
260316_Dupi_NMH_PD_1,DupiS1,Dupi,macBP3,4,1,0,NaN,NaN,NaN,434,762,1
260316_Dupi_NMH_PD_1,DupiS1,Dupi,macBP3,5,1,0,NaN,NaN,NaN,108,264,1
260316_Dupi_NMH_PD_1,DupiS1,Dupi,macBP3,6,1,0,NaN,NaN,NaN,2244,2596,1
260316_Dupi_NMH_PD_1,DupiS1,Dupi,macBP3,7,1,0,NaN,NaN,NaN,510,726,1
260316_Dupi_NMH_PD_1,DupiS1,Dupi,macBP3,8,1,0,NaN,NaN,NaN,2016,2242,1
260316_Dupi_NMH_PD_1,DupiS1,Dupi,macBP3,9,1,0,NaN,NaN,NaN,2854,3000,1
260316_Dupi_NMH_PD_1,DupiS1,Dupi,macBP3,10,1,0,NaN,NaN,NaN,370,636,1
260316_Dupi_NMH_PD_1,DupiS1,Dupi,macBP3,11,1,0,NaN,NaN,NaN,64,236,1
260316_Dupi_NMH_PD_1,DupiS1,Dupi,macBP3,12,1,0,NaN,NaN,NaN,1730,1956,1
260316_Dupi_NMH_PD_1,DupiS1,Dupi,macBP3,13,1,0,NaN,NaN,NaN,250,398,1
260316_Dupi_NMH_PD_1,DupiS1,Dupi,macBP3,14,1,0,NaN,NaN,NaN,2,278,1
260316_Dupi_NMH_PD_1,DupiS1,Dupi,macBP3,15,1,0,NaN,NaN,NaN,102,316,1
260316_Dupi_NMH_PD_1,DupiS1,Dupi,macBP3,16,1,0,NaN,NaN,NaN,44,240,1
260316_Dupi_NMH_PD_1,DupiS1,Dupi,macBP3,17,1,0,NaN,NaN,NaN,2406,2618,1
260316_Dupi_NMH_PD_1,DupiS1,Dupi,macBP3,18,1,0,NaN,NaN,NaN,1680,1870,1
260316_Dupi_NMH_PD_1,DupiS1,Dupi,macBP3,19,1,0,NaN,NaN,NaN,2800,3000,1
260316_Dupi_NMH_PD_1,DupiS1,Dupi,macBP3,20,1,0,NaN,NaN,NaN,106,314,1
260316_Dupi_NMH_PD_1,DupiS1,Dupi,macBP3,21,1,0,NaN,NaN,NaN,248,440,1
260316_Dupi_NMH_PD_1,DupiS1,Dupi,macBP3,22,1,0,NaN,NaN,NaN,2904,3000,1
260316_Dupi_NMH_PD_1,DupiS1,Dupi,macBP3,23,1,0,NaN,NaN,NaN,460,792,1
260316_Dupi_NMH_PD_1,DupiS1,Dupi,macBP3,24,1,0,NaN,NaN,NaN,306,466,1
260316_Dupi_NMH_PD_1,DupiS1,Dupi,macBP3,25,1,0,NaN,NaN,NaN,498,640,1
260316_Dupi_NMH_PD_1,DupiS1,Dupi,macBP3,26,1,0,NaN,NaN,NaN,208,440,1
260316_Dupi_NMH_PD_1,DupiS1,Dupi,macBP3,27,1,0,NaN,NaN,NaN,2,62,1
260316_Dupi_NMH_PD_1,DupiS1,Dupi,macBP3,28,1,0,NaN,NaN,NaN,512,752,1
260316_Dupi_NMH_PD_1,DupiS1,Dupi,macBP3,29,1,0,NaN,NaN,NaN,2,136,1
260316_Dupi_NMH_PD_1,DupiS1,Dupi,macBP3,30,1,0,NaN,NaN,NaN,522,702,1
260316_Dupi_NMH_PD_1,DupiS1,Dupi,macBP3,31,1,0,NaN,NaN,NaN,194,474,1
260316_Dupi_NMH_PD_1,DupiS1,Dupi,macBP3,32,1,0,NaN,NaN,NaN,1990,2174,1
260316_Dupi_NMH_PD_1,DupiS1,Dupi,macBP3,33,1,0,NaN,NaN,NaN,2066,2292,1
260316_Dupi_NMH_PD_1,DupiS1,Dupi,macBP3,34,1,0,NaN,NaN,NaN,1384,1726,1
260316_Dupi_NMH_PD_1,DupiS1,Dupi,macBP3,35,1,0,NaN,NaN,NaN,618,808,1
260316_Dupi_NMH_PD_1,DupiS1,Dupi,macBP3,36,1,0,NaN,NaN,NaN,72,528,1
260316_Dupi_NMH_PD_1,DupiS1,Dupi,macBP3,37,1,0,NaN,NaN,NaN,2,106,1
260316_Dupi_NMH_PD_1,DupiS1,Dupi,macBP3,38,1,0,NaN,NaN,NaN,936,1244,1
260316_Dupi_NMH_PD_1,DupiS1,Dupi,macBP3,39,1,0,NaN,NaN,NaN,8,174,1
260316_Dupi_NMH_PD_1,DupiS1,Dupi,macBP3,40,1,0,NaN,NaN,NaN,2348,2510,1
260326_OBE_NWU_AD_2,Control,OBE,macBP3,1,1,0,NaN,NaN,NaN,1666,1822,1
260326_OBE_NWU_AD_2,Control,OBE,macBP3,2,1,0,NaN,NaN,NaN,620,896,1
260326_OBE_NWU_AD_2,Control,OBE,macBP3,3,1,0,NaN,NaN,NaN,2908,3000,1
260326_OBE_NWU_AD_2,Control,OBE,macBP3,4,1,0,NaN,NaN,NaN,458,696,1
260326_OBE_NWU_AD_2,Control,OBE,macBP3,5,1,0,NaN,NaN,NaN,350,564,1
260326_OBE_NWU_AD_2,Control,OBE,macBP3,6,1,0,NaN,NaN,NaN,2882,3000,1
260326_OBE_NWU_AD_2,Control,OBE,macBP3,7,1,0,NaN,NaN,NaN,826,1016,1
260326_OBE_NWU_AD_2,Control,OBE,macBP3,8,1,0,NaN,NaN,NaN,312,502,1
260326_OBE_NWU_AD_2,Control,OBE,macBP3,9,1,0,NaN,NaN,NaN,2712,3000,1
260326_OBE_NWU_AD_2,Control,OBE,macBP3,10,1,0,NaN,NaN,NaN,340,744,1
260326_OBE_NWU_AD_2,Control,OBE,macBP3,11,1,0,NaN,NaN,NaN,1944,2184,1
260326_OBE_NWU_AD_2,Control,OBE,macBP3,12,1,0,NaN,NaN,NaN,1156,1404,1
260326_OBE_NWU_AD_2,Control,OBE,macBP3,13,1,0,NaN,NaN,NaN,2076,2236,1
260326_OBE_NWU_AD_2,Control,OBE,macBP3,14,1,0,NaN,NaN,NaN,834,1022,1
260326_OBE_NWU_AD_2,Control,OBE,macBP3,15,1,0,NaN,NaN,NaN,2598,2906,1
260326_OBE_NWU_AD_2,Control,OBE,macBP3,16,1,0,0.761260532270144,1508,1510,1420,1790,1
260326_OBE_NWU_AD_2,Control,OBE,macBP3,17,1,0,NaN,NaN,NaN,4,316,1
260326_OBE_NWU_AD_2,Control,OBE,macBP3,18,1,0,NaN,NaN,NaN,1754,1958,1
260326_OBE_NWU_AD_2,Control,OBE,macBP3,19,1,0,NaN,NaN,NaN,8,316,1
260326_OBE_NWU_AD_2,Control,OBE,macBP3,20,1,0,NaN,NaN,NaN,2088,2254,1
260326_OBE_NWU_AD_2,Control,OBE,macBP3,21,1,0,NaN,NaN,NaN,352,704,1
260326_OBE_NWU_AD_2,Control,OBE,macBP3,22,1,0,NaN,NaN,NaN,2932,3000,1
260326_OBE_NWU_AD_2,Control,OBE,macBP3,23,1,0,NaN,NaN,NaN,234,606,1
260326_OBE_NWU_AD_2,Control,OBE,macBP3,24,1,0,NaN,NaN,NaN,2488,2702,1
260326_OBE_NWU_AD_2,Control,OBE,macBP3,25,1,0,NaN,NaN,NaN,312,608,1
260326_OBE_NWU_AD_2,Control,OBE,macBP3,26,1,0,NaN,NaN,NaN,2516,2942,1
260326_OBE_NWU_AD_2,Control,OBE,macBP3,27,1,0,NaN,NaN,NaN,2214,2548,1
260326_OBE_NWU_AD_2,Control,OBE,macBP3,28,1,0,NaN,NaN,NaN,832,1016,1
260326_OBE_NWU_AD_2,Control,OBE,macBP3,29,1,0,NaN,NaN,NaN,1400,1568,1
260326_OBE_NWU_AD_2,Control,OBE,macBP3,30,1,0,NaN,NaN,NaN,1948,2122,1
260326_OBE_NWU_AD_2,Control,OBE,macBP3,31,1,0,NaN,NaN,NaN,2676,2842,1
260326_OBE_NWU_AD_2,Control,OBE,macBP3,32,1,0,NaN,NaN,NaN,1670,2040,1
260326_OBE_NWU_AD_2,Control,OBE,macBP3,33,1,0,NaN,NaN,NaN,1426,1584,1
260326_OBE_NWU_AD_2,Control,OBE,macBP3,34,1,0,NaN,NaN,NaN,578,872,1
260326_OBE_NWU_AD_2,Control,OBE,macBP3,35,1,0,NaN,NaN,NaN,1858,2026,1
260326_OBE_NWU_AD_2,Control,OBE,macBP3,36,1,0,NaN,NaN,NaN,358,570,1
260326_OBE_NWU_AD_2,Control,OBE,macBP3,37,1,0,NaN,NaN,NaN,1028,1262,1
260326_OBE_NWU_AD_2,Control,OBE,macBP3,38,1,0,NaN,NaN,NaN,294,546,1
260326_OBE_NWU_AD_2,Control,OBE,macBP3,39,1,0,NaN,NaN,NaN,2930,3000,1
260326_OBE_NWU_AD_2,Control,OBE,macBP3,40,1,0,NaN,NaN,NaN,2856,3000,1
260326_OBE_NWU_AD_2,Control,OBE,macBP3,41,1,0,NaN,NaN,NaN,656,950,1
260326_OBE_NWU_AD_2,Control,OBE,macBP3,42,1,0,NaN,NaN,NaN,2210,2734,1
260326_OBE_NWU_AD_2,Control,OBE,macBP3,43,1,0,NaN,NaN,NaN,1016,1210,1
260326_OBE_NWU_AD_2,Control,OBE,macBP3,44,1,0,NaN,NaN,NaN,1426,1594,1
260326_OBE_NWU_AD_2,Control,OBE,macBP3,45,1,0,0.821694443520469,2500,2666,2368,2790,1
260326_OBE_NWU_AD_2,Control,OBE,macBP3,46,1,0,NaN,NaN,NaN,1776,2022,1
260326_OBE_NWU_AD_2,Control,OBE,macBP3,47,1,0,NaN,NaN,NaN,2688,2964,1
260326_OBE_NWU_AD_2,Control,OBE,macBP3,48,1,0,NaN,NaN,NaN,436,848,1
260326_OBE_NWU_AD_2,Control,OBE,macBP3,49,1,0,NaN,NaN,NaN,236,432,1
260326_OBE_NWU_AD_2,Control,OBE,macBP3,50,1,0,NaN,NaN,NaN,2022,2366,1
260326_OBE_NWU_AD_2,Control,OBE,macBP3,51,1,0,NaN,NaN,NaN,1608,1828,1
260326_OBE_NWU_AD_2,Control,OBE,macBP3,52,1,0,NaN,NaN,NaN,1348,1588,1
260326_OBE_NWU_AD_2,Control,OBE,macBP3,53,1,0,NaN,NaN,NaN,240,554,1
260326_OBE_NWU_AD_2,Control,OBE,macBP3,54,1,0,NaN,NaN,NaN,492,722,1
260326_OBE_NWU_AD_2,Control,OBE,macBP3,55,1,0,NaN,NaN,NaN,724,960,1
260326_OBE_NWU_AD_2,Control,OBE,macBP3,56,1,0,NaN,NaN,NaN,1960,2194,1
260326_OBE_NWU_AD_2,Control,OBE,macBP3,57,1,0,NaN,NaN,NaN,1328,1570,1
260326_OBE_NWU_AD_2,Control,OBE,macBP3,58,1,0,NaN,NaN,NaN,1960,2870,1
260326_OBE_NWU_AD_2,Control,OBE,macBP3,59,1,0,NaN,NaN,NaN,268,490,1
260326_OBE_NWU_AD_2,Control,OBE,macBP3,60,1,0,NaN,NaN,NaN,2468,2890,1
260406_Dupi_NMH_BS_2,DupiS2,Dupi,macBP4,1,1,0,NaN,NaN,NaN,450,586,1
260406_Dupi_NMH_BS_2,DupiS2,Dupi,macBP4,2,1,0,NaN,NaN,NaN,1196,1376,1
260406_Dupi_NMH_BS_2,DupiS2,Dupi,macBP4,3,1,0,NaN,NaN,NaN,2722,2854,1
260406_Dupi_NMH_BS_2,DupiS2,Dupi,macBP4,4,1,0,NaN,NaN,NaN,190,300,1
260406_Dupi_NMH_BS_2,DupiS2,Dupi,macBP4,5,1,0,NaN,NaN,NaN,2,112,1
260406_Dupi_NMH_BS_2,DupiS2,Dupi,macBP4,6,1,0,NaN,NaN,NaN,2,118,1
260406_Dupi_NMH_BS_2,DupiS2,Dupi,macBP4,7,1,0,NaN,NaN,NaN,1280,1396,1
260406_Dupi_NMH_BS_2,DupiS2,Dupi,macBP4,8,1,0,NaN,NaN,NaN,2184,2270,1
260406_Dupi_NMH_BS_2,DupiS2,Dupi,macBP4,9,1,0,NaN,NaN,NaN,2,108,1
260406_Dupi_NMH_BS_2,DupiS2,Dupi,macBP4,10,1,0,NaN,NaN,NaN,2,100,1
260406_Dupi_NMH_BS_2,DupiS2,Dupi,macBP4,11,1,0,NaN,NaN,NaN,790,916,1
260406_Dupi_NMH_BS_2,DupiS2,Dupi,macBP4,12,1,0,NaN,NaN,NaN,852,1026,1
260406_Dupi_NMH_BS_2,DupiS2,Dupi,macBP4,13,1,0,0.707237442351985,92,96,14,172,1
260406_Dupi_NMH_BS_2,DupiS2,Dupi,macBP4,14,1,0,NaN,NaN,NaN,2,238,1
260406_Dupi_NMH_BS_2,DupiS2,Dupi,macBP4,15,1,0,NaN,NaN,NaN,2638,2796,1
260406_Dupi_NMH_BS_2,DupiS2,Dupi,macBP4,16,1,0,NaN,NaN,NaN,1946,2082,1
260406_Dupi_NMH_BS_2,DupiS2,Dupi,macBP4,17,1,0,NaN,NaN,NaN,1994,2098,1
260406_Dupi_NMH_BS_2,DupiS2,Dupi,macBP4,18,1,0,NaN,NaN,NaN,2554,2684,1
260406_Dupi_NMH_BS_2,DupiS2,Dupi,macBP4,19,1,0,NaN,NaN,NaN,2040,2096,1
260406_Dupi_NMH_BS_2,DupiS2,Dupi,macBP4,20,1,0,NaN,NaN,NaN,2208,2284,1
260406_Dupi_NMH_BS_2,DupiS2,Dupi,macBP4,21,1,0,NaN,NaN,NaN,2904,2980,1
260406_Dupi_NMH_BS_2,DupiS2,Dupi,macBP4,22,1,0,NaN,NaN,NaN,914,1024,1
260406_Dupi_NMH_BS_2,DupiS2,Dupi,macBP4,23,1,0,NaN,NaN,NaN,2948,3000,1
260406_Dupi_NMH_BS_2,DupiS2,Dupi,macBP4,24,1,0,NaN,NaN,NaN,2480,2590,1
260406_Dupi_NMH_BS_2,DupiS2,Dupi,macBP4,25,1,0,NaN,NaN,NaN,1136,1168,1
260406_Dupi_NMH_BS_2,DupiS2,Dupi,macBP4,26,1,0,NaN,NaN,NaN,2672,2768,1
260406_Dupi_NMH_BS_2,DupiS2,Dupi,macBP4,27,1,0,NaN,NaN,NaN,2884,2958,1
260406_Dupi_NMH_BS_2,DupiS2,Dupi,macBP4,28,1,0,NaN,NaN,NaN,2968,3000,1
260406_Dupi_NMH_BS_2,DupiS2,Dupi,macBP4,29,1,0,NaN,NaN,NaN,2674,2730,1
260406_Dupi_NMH_BS_2,DupiS2,Dupi,macBP4,30,1,0,NaN,NaN,NaN,2334,2424,1
260406_Dupi_NMH_BS_2,DupiS2,Dupi,macBP4,31,1,0,NaN,NaN,NaN,1022,1148,1
260406_Dupi_NMH_BS_2,DupiS2,Dupi,macBP4,32,1,0,NaN,NaN,NaN,1844,1912,1
260406_Dupi_NMH_BS_2,DupiS2,Dupi,macBP4,33,1,0,NaN,NaN,NaN,1258,1274,1
260406_Dupi_NMH_BS_2,DupiS2,Dupi,macBP4,34,1,0,NaN,NaN,NaN,1212,1288,1
260406_Dupi_NMH_BS_2,DupiS2,Dupi,macBP4,35,1,0,NaN,NaN,NaN,2774,2958,1
260406_Dupi_NMH_BS_2,DupiS2,Dupi,macBP4,36,1,0,NaN,NaN,NaN,2934,3000,1
260406_Dupi_NMH_BS_2,DupiS2,Dupi,macBP4,37,1,0,NaN,NaN,NaN,1712,1746,1
260406_Dupi_NMH_BS_2,DupiS2,Dupi,macBP4,38,1,0,NaN,NaN,NaN,2786,2854,1
260406_Dupi_NMH_BS_2,DupiS2,Dupi,macBP4,39,1,0,NaN,NaN,NaN,1804,1834,1
260406_Dupi_NMH_BS_2,DupiS2,Dupi,macBP4,40,1,0,NaN,NaN,NaN,1934,2046,1
260504_Dupi_NMH_JA_1,DupiS1,Dupi,macBP3,1,1,0,NaN,NaN,NaN,2,434,1
260504_Dupi_NMH_JA_1,DupiS1,Dupi,macBP3,2,1,0,NaN,NaN,NaN,246,562,1
260504_Dupi_NMH_JA_1,DupiS1,Dupi,macBP3,3,1,0,NaN,NaN,NaN,1784,2302,1
260504_Dupi_NMH_JA_1,DupiS1,Dupi,macBP3,4,1,0,NaN,NaN,NaN,136,390,1
260504_Dupi_NMH_JA_1,DupiS1,Dupi,macBP3,5,1,0,NaN,NaN,NaN,2,66,1
260504_Dupi_NMH_JA_1,DupiS1,Dupi,macBP3,6,1,0,NaN,NaN,NaN,24,338,1
260504_Dupi_NMH_JA_1,DupiS1,Dupi,macBP3,7,1,0,NaN,NaN,NaN,536,800,1
260504_Dupi_NMH_JA_1,DupiS1,Dupi,macBP3,8,1,0,NaN,NaN,NaN,2066,2332,1
260504_Dupi_NMH_JA_1,DupiS1,Dupi,macBP3,9,1,0,NaN,NaN,NaN,2486,2666,1
260504_Dupi_NMH_JA_1,DupiS1,Dupi,macBP3,10,1,0,NaN,NaN,NaN,2336,2922,1
260504_Dupi_NMH_JA_1,DupiS1,Dupi,macBP3,11,1,0,NaN,NaN,NaN,2114,2484,1
260504_Dupi_NMH_JA_1,DupiS1,Dupi,macBP3,12,1,0,NaN,NaN,NaN,2378,2654,1
260504_Dupi_NMH_JA_1,DupiS1,Dupi,macBP3,13,1,0,NaN,NaN,NaN,166,404,1
260504_Dupi_NMH_JA_1,DupiS1,Dupi,macBP3,14,1,0,NaN,NaN,NaN,2938,3000,1
260504_Dupi_NMH_JA_1,DupiS1,Dupi,macBP3,15,1,0,NaN,NaN,NaN,2836,3000,1
260504_Dupi_NMH_JA_1,DupiS1,Dupi,macBP3,16,1,0,NaN,NaN,NaN,1580,1790,1
260504_Dupi_NMH_JA_1,DupiS1,Dupi,macBP3,17,1,0,NaN,NaN,NaN,2740,3000,1
260504_Dupi_NMH_JA_1,DupiS1,Dupi,macBP3,18,1,0,NaN,NaN,NaN,1780,1980,1
260504_Dupi_NMH_JA_1,DupiS1,Dupi,macBP3,19,1,0,NaN,NaN,NaN,2610,2982,1
260504_Dupi_NMH_JA_1,DupiS1,Dupi,macBP3,20,1,0,0.657928542893443,284,374,240,402,1
260504_Dupi_NMH_JA_1,DupiS1,Dupi,macBP3,21,1,0,NaN,NaN,NaN,2890,3000,1
260504_Dupi_NMH_JA_1,DupiS1,Dupi,macBP3,22,1,0,NaN,NaN,NaN,2020,2230,1
260504_Dupi_NMH_JA_1,DupiS1,Dupi,macBP3,23,1,0,NaN,NaN,NaN,1656,1852,1
260504_Dupi_NMH_JA_1,DupiS1,Dupi,macBP3,24,1,0,NaN,NaN,NaN,2012,2628,1
260504_Dupi_NMH_JA_1,DupiS1,Dupi,macBP3,25,1,0,NaN,NaN,NaN,306,546,1
260504_Dupi_NMH_JA_1,DupiS1,Dupi,macBP3,26,1,0,NaN,NaN,NaN,332,612,1
260504_Dupi_NMH_JA_1,DupiS1,Dupi,macBP3,27,1,0,NaN,NaN,NaN,2430,2630,1
260504_Dupi_NMH_JA_1,DupiS1,Dupi,macBP3,28,1,0,NaN,NaN,NaN,2084,2470,1
260504_Dupi_NMH_JA_1,DupiS1,Dupi,macBP3,29,1,0,NaN,NaN,NaN,1716,1934,1
260504_Dupi_NMH_JA_1,DupiS1,Dupi,macBP3,30,1,0,0.714038519840842,380,468,264,582,1
260504_Dupi_NMH_JA_1,DupiS1,Dupi,macBP3,31,1,0,NaN,NaN,NaN,1724,2368,1
260504_Dupi_NMH_JA_1,DupiS1,Dupi,macBP3,32,1,0,NaN,NaN,NaN,1654,1864,1
260504_Dupi_NMH_JA_1,DupiS1,Dupi,macBP3,33,1,0,NaN,NaN,NaN,2832,3000,1
260504_Dupi_NMH_JA_1,DupiS1,Dupi,macBP3,34,1,0,NaN,NaN,NaN,1554,2030,1
260504_Dupi_NMH_JA_1,DupiS1,Dupi,macBP3,35,1,0,NaN,NaN,NaN,2574,2710,1
260504_Dupi_NMH_JA_1,DupiS1,Dupi,macBP3,36,1,0,NaN,NaN,NaN,338,696,1
260504_Dupi_NMH_JA_1,DupiS1,Dupi,macBP3,37,1,0,NaN,NaN,NaN,2556,2808,1
260504_Dupi_NMH_JA_1,DupiS1,Dupi,macBP3,38,1,0,NaN,NaN,NaN,1628,1786,1
260504_Dupi_NMH_JA_1,DupiS1,Dupi,macBP3,39,1,0,0.947616883834514,2260,2262,2194,2570,1
260504_Dupi_NMH_JA_1,DupiS1,Dupi,macBP3,40,1,0,NaN,NaN,NaN,328,638,1
260514_OBE_NWU_BW_1,Control,OBE,macBP2,1,1,0,NaN,NaN,NaN,2710,3000,1
260514_OBE_NWU_BW_1,Control,OBE,macBP2,2,1,0,NaN,NaN,NaN,1932,2084,1
260514_OBE_NWU_BW_1,Control,OBE,macBP2,3,1,0,NaN,NaN,NaN,996,1232,1
260514_OBE_NWU_BW_1,Control,OBE,macBP2,4,1,0,NaN,NaN,NaN,362,644,1
260514_OBE_NWU_BW_1,Control,OBE,macBP2,5,1,0,NaN,NaN,NaN,1114,1498,1
260514_OBE_NWU_BW_1,Control,OBE,macBP2,6,1,0,NaN,NaN,NaN,998,1238,1
260514_OBE_NWU_BW_1,Control,OBE,macBP2,7,1,0,NaN,NaN,NaN,618,890,1
260514_OBE_NWU_BW_1,Control,OBE,macBP2,8,1,0,NaN,NaN,NaN,1062,1342,1
260514_OBE_NWU_BW_1,Control,OBE,macBP2,9,1,0,NaN,NaN,NaN,1778,1942,1
260514_OBE_NWU_BW_1,Control,OBE,macBP2,10,1,0,NaN,NaN,NaN,370,528,1
260514_OBE_NWU_BW_1,Control,OBE,macBP2,11,1,0,NaN,NaN,NaN,842,1056,1
260514_OBE_NWU_BW_1,Control,OBE,macBP2,12,1,0,NaN,NaN,NaN,2090,2378,1
260514_OBE_NWU_BW_1,Control,OBE,macBP2,13,1,0,NaN,NaN,NaN,2480,2716,1
260514_OBE_NWU_BW_1,Control,OBE,macBP2,14,1,0,NaN,NaN,NaN,1382,1620,1
260514_OBE_NWU_BW_1,Control,OBE,macBP2,15,1,0,NaN,NaN,NaN,496,1652,1
260514_OBE_NWU_BW_1,Control,OBE,macBP2,16,1,0,NaN,NaN,NaN,1362,1674,1
260514_OBE_NWU_BW_1,Control,OBE,macBP2,17,1,0,NaN,NaN,NaN,1262,1792,1
260514_OBE_NWU_BW_1,Control,OBE,macBP2,18,1,0,NaN,NaN,NaN,938,1176,1
260514_OBE_NWU_BW_1,Control,OBE,macBP2,19,1,0,NaN,NaN,NaN,1126,1538,1
260514_OBE_NWU_BW_1,Control,OBE,macBP2,20,1,0,NaN,NaN,NaN,852,992,1
260514_OBE_NWU_BW_1,Control,OBE,macBP2,21,1,0,NaN,NaN,NaN,1642,2070,1
260514_OBE_NWU_BW_1,Control,OBE,macBP2,22,1,0,NaN,NaN,NaN,1940,2384,1
260514_OBE_NWU_BW_1,Control,OBE,macBP2,23,1,0,NaN,NaN,NaN,370,612,1
260514_OBE_NWU_BW_1,Control,OBE,macBP2,24,1,0,NaN,NaN,NaN,1128,1442,1
260514_OBE_NWU_BW_1,Control,OBE,macBP2,25,1,0,NaN,NaN,NaN,658,1340,1
260514_OBE_NWU_BW_1,Control,OBE,macBP2,26,1,0,NaN,NaN,NaN,2714,3000,1
260514_OBE_NWU_BW_1,Control,OBE,macBP2,27,1,0,NaN,NaN,NaN,548,1536,1
260514_OBE_NWU_BW_1,Control,OBE,macBP2,28,1,0,NaN,NaN,NaN,804,1066,1
260514_OBE_NWU_BW_1,Control,OBE,macBP2,29,1,0,NaN,NaN,NaN,800,1058,1
260514_OBE_NWU_BW_1,Control,OBE,macBP2,30,1,0,NaN,NaN,NaN,508,840,1
260514_OBE_NWU_BW_1,Control,OBE,macBP2,31,1,0,NaN,NaN,NaN,468,992,1
260514_OBE_NWU_BW_1,Control,OBE,macBP2,32,1,0,NaN,NaN,NaN,1308,1522,1
260514_OBE_NWU_BW_1,Control,OBE,macBP2,33,1,0,NaN,NaN,NaN,534,684,1
260514_OBE_NWU_BW_1,Control,OBE,macBP2,34,1,0,NaN,NaN,NaN,76,442,1
260514_OBE_NWU_BW_1,Control,OBE,macBP2,35,1,0,NaN,NaN,NaN,2158,2374,1
260514_OBE_NWU_BW_1,Control,OBE,macBP2,36,1,0,NaN,NaN,NaN,256,484,1
260514_OBE_NWU_BW_1,Control,OBE,macBP2,37,1,0,NaN,NaN,NaN,1730,1948,1
260514_OBE_NWU_BW_1,Control,OBE,macBP2,38,1,0,NaN,NaN,NaN,966,1270,1
260514_OBE_NWU_BW_1,Control,OBE,macBP2,39,1,0,NaN,NaN,NaN,476,1146,1
260514_OBE_NWU_BW_1,Control,OBE,macBP2,40,1,0,NaN,NaN,NaN,724,912,1
230611_OBE_NMH_AZ,Control,OBE,macBP3,1,1,0,NaN,NaN,NaN,1386,1684,1
230611_OBE_NMH_AZ,Control,OBE,macBP3,2,1,0,NaN,NaN,NaN,1618,1846,1
230611_OBE_NMH_AZ,Control,OBE,macBP3,3,1,0,NaN,NaN,NaN,588,724,1
230611_OBE_NMH_AZ,Control,OBE,macBP3,4,1,0,NaN,NaN,NaN,1536,1950,1
230611_OBE_NMH_AZ,Control,OBE,macBP3,5,1,0,NaN,NaN,NaN,1368,1470,1
230611_OBE_NMH_AZ,Control,OBE,macBP3,6,1,0,NaN,NaN,NaN,2472,2670,1
230611_OBE_NMH_AZ,Control,OBE,macBP3,7,1,0,NaN,NaN,NaN,1972,2202,1
230611_OBE_NMH_AZ,Control,OBE,macBP3,8,1,0,NaN,NaN,NaN,292,718,1
230611_OBE_NMH_AZ,Control,OBE,macBP3,9,1,0,NaN,NaN,NaN,2238,2438,1
230611_OBE_NMH_AZ,Control,OBE,macBP3,10,1,0,NaN,NaN,NaN,1194,1398,1
230611_OBE_NMH_AZ,Control,OBE,macBP3,11,1,0,NaN,NaN,NaN,974,1248,1
230611_OBE_NMH_AZ,Control,OBE,macBP3,12,1,0,NaN,NaN,NaN,694,962,1
230611_OBE_NMH_AZ,Control,OBE,macBP3,13,1,0,NaN,NaN,NaN,1736,1950,1
230611_OBE_NMH_AZ,Control,OBE,macBP3,14,1,0,NaN,NaN,NaN,898,1048,1
230611_OBE_NMH_AZ,Control,OBE,macBP3,15,1,0,NaN,NaN,NaN,1778,2150,1
230611_OBE_NMH_AZ,Control,OBE,macBP3,16,1,0,NaN,NaN,NaN,1322,1754,1
230611_OBE_NMH_AZ,Control,OBE,macBP3,17,1,0,NaN,NaN,NaN,1716,2002,1
230611_OBE_NMH_AZ,Control,OBE,macBP3,18,1,0,NaN,NaN,NaN,2540,2964,1
230611_OBE_NMH_AZ,Control,OBE,macBP3,19,1,0,NaN,NaN,NaN,1120,1286,1
230611_OBE_NMH_AZ,Control,OBE,macBP3,20,1,0,NaN,NaN,NaN,2148,2406,1
230611_OBE_NMH_AZ,Control,OBE,macBP3,21,2,0.13353115727003,NaN,NaN,NaN,1410,2082,1
230611_OBE_NMH_AZ,Control,OBE,macBP3,22,1,0,NaN,NaN,NaN,2334,2674,1
230611_OBE_NMH_AZ,Control,OBE,macBP3,23,1,0,NaN,NaN,NaN,1194,1770,1
230611_OBE_NMH_AZ,Control,OBE,macBP3,24,1,0,NaN,NaN,NaN,2196,2422,1
230611_OBE_NMH_AZ,Control,OBE,macBP3,25,1,0,NaN,NaN,NaN,1564,1810,1
230611_OBE_NMH_AZ,Control,OBE,macBP3,26,1,0,NaN,NaN,NaN,556,926,1
230611_OBE_NMH_AZ,Control,OBE,macBP3,27,1,0,NaN,NaN,NaN,520,890,1
230611_OBE_NMH_AZ,Control,OBE,macBP3,28,1,0,NaN,NaN,NaN,828,1156,1
230611_OBE_NMH_AZ,Control,OBE,macBP3,29,1,0,NaN,NaN,NaN,856,1000,1
230611_OBE_NMH_AZ,Control,OBE,macBP3,30,1,0,NaN,NaN,NaN,1212,1356,1
230611_OBE_NMH_AZ,Control,OBE,macBP3,31,1,0,NaN,NaN,NaN,426,740,1
230611_OBE_NMH_AZ,Control,OBE,macBP3,32,1,0,NaN,NaN,NaN,1594,1840,1
230611_OBE_NMH_AZ,Control,OBE,macBP3,33,1,0,NaN,NaN,NaN,80,318,1
230611_OBE_NMH_AZ,Control,OBE,macBP3,34,1,0,NaN,NaN,NaN,2700,2866,1
230611_OBE_NMH_AZ,Control,OBE,macBP3,35,1,0,NaN,NaN,NaN,1426,1666,1
230611_OBE_NMH_AZ,Control,OBE,macBP3,36,1,0,NaN,NaN,NaN,2386,2586,1
230611_OBE_NMH_AZ,Control,OBE,macBP3,37,1,0,NaN,NaN,NaN,914,1188,1
230611_OBE_NMH_AZ,Control,OBE,macBP3,38,1,0,NaN,NaN,NaN,966,1160,1
230611_OBE_NMH_AZ,Control,OBE,macBP3,39,1,0,NaN,NaN,NaN,1918,2122,1
230611_OBE_NMH_AZ,Control,OBE,macBP3,40,1,0,NaN,NaN,NaN,1486,1860,1
241017_OBE_NMH_AS,Control,OBE,macBP2,1,1,0,NaN,NaN,NaN,2346,2514,1
241017_OBE_NMH_AS,Control,OBE,macBP2,2,1,0,NaN,NaN,NaN,928,1310,1
241017_OBE_NMH_AS,Control,OBE,macBP2,3,1,0,NaN,NaN,NaN,2276,2520,1
241017_OBE_NMH_AS,Control,OBE,macBP2,4,1,0,NaN,NaN,NaN,568,834,1
241017_OBE_NMH_AS,Control,OBE,macBP2,5,1,0,NaN,NaN,NaN,2064,2882,1
241017_OBE_NMH_AS,Control,OBE,macBP2,6,1,0,NaN,NaN,NaN,1036,1452,1
241017_OBE_NMH_AS,Control,OBE,macBP2,7,1,0,NaN,NaN,NaN,2118,2420,1
241017_OBE_NMH_AS,Control,OBE,macBP2,8,1,0,NaN,NaN,NaN,456,720,1
241017_OBE_NMH_AS,Control,OBE,macBP2,9,1,0,NaN,NaN,NaN,2310,2666,1
241017_OBE_NMH_AS,Control,OBE,macBP2,10,1,0,NaN,NaN,NaN,446,726,1
241017_OBE_NMH_AS,Control,OBE,macBP2,11,1,0,NaN,NaN,NaN,582,984,1
241017_OBE_NMH_AS,Control,OBE,macBP2,12,1,0,NaN,NaN,NaN,78,414,1
241017_OBE_NMH_AS,Control,OBE,macBP2,13,1,0,NaN,NaN,NaN,2688,2930,1
241017_OBE_NMH_AS,Control,OBE,macBP2,14,1,0,NaN,NaN,NaN,1778,2122,1
241017_OBE_NMH_AS,Control,OBE,macBP2,15,1,0,NaN,NaN,NaN,456,662,1
241017_OBE_NMH_AS,Control,OBE,macBP2,16,1,0,NaN,NaN,NaN,1890,2304,1
241017_OBE_NMH_AS,Control,OBE,macBP2,17,1,0,NaN,NaN,NaN,2352,2568,1
241017_OBE_NMH_AS,Control,OBE,macBP2,18,1,0,NaN,NaN,NaN,2250,2460,1
241017_OBE_NMH_AS,Control,OBE,macBP2,19,1,0,0.856780331235432,1018,1190,680,1326,1
241017_OBE_NMH_AS,Control,OBE,macBP2,20,1,0,NaN,NaN,NaN,1996,2430,1
241017_OBE_NMH_AS,Control,OBE,macBP2,21,1,0,NaN,NaN,NaN,376,624,1
241017_OBE_NMH_AS,Control,OBE,macBP2,22,1,0,NaN,NaN,NaN,2448,3000,1
241017_OBE_NMH_AS,Control,OBE,macBP2,23,1,0,NaN,NaN,NaN,2240,2464,1
241017_OBE_NMH_AS,Control,OBE,macBP2,24,1,0,NaN,NaN,NaN,774,1086,1
241017_OBE_NMH_AS,Control,OBE,macBP2,25,1,0,NaN,NaN,NaN,2676,3000,1
241017_OBE_NMH_AS,Control,OBE,macBP2,26,1,0,NaN,NaN,NaN,966,1234,1
241017_OBE_NMH_AS,Control,OBE,macBP2,27,1,0,NaN,NaN,NaN,470,826,1
241017_OBE_NMH_AS,Control,OBE,macBP2,28,1,0,0.627607105024834,2212,2250,1982,2312,1
241017_OBE_NMH_AS,Control,OBE,macBP2,29,1,0,NaN,NaN,NaN,1694,1980,1
241017_OBE_NMH_AS,Control,OBE,macBP2,30,1,0,NaN,NaN,NaN,1094,1402,1
241017_OBE_NMH_AS,Control,OBE,macBP2,31,1,0,NaN,NaN,NaN,376,576,1
241017_OBE_NMH_AS,Control,OBE,macBP2,32,1,0,NaN,NaN,NaN,58,376,1
241017_OBE_NMH_AS,Control,OBE,macBP2,33,1,0,NaN,NaN,NaN,1114,1534,1
241017_OBE_NMH_AS,Control,OBE,macBP2,34,1,0,NaN,NaN,NaN,884,1198,1
241017_OBE_NMH_AS,Control,OBE,macBP2,35,1,0,NaN,NaN,NaN,1892,2272,1
241017_OBE_NMH_AS,Control,OBE,macBP2,36,1,0,NaN,NaN,NaN,1054,1362,1
241017_OBE_NMH_AS,Control,OBE,macBP2,37,1,0,NaN,NaN,NaN,2082,2364,1
241017_OBE_NMH_AS,Control,OBE,macBP2,38,1,0,NaN,NaN,NaN,178,384,1
241017_OBE_NMH_AS,Control,OBE,macBP2,39,1,0,NaN,NaN,NaN,1920,2234,1
241017_OBE_NMH_AS,Control,OBE,macBP2,40,1,0,NaN,NaN,NaN,1782,2244,1
240923_OBE_NMH_HRM,Control,OBE,macBP2,1,1,0,NaN,NaN,NaN,2502,2666,1
240923_OBE_NMH_HRM,Control,OBE,macBP2,2,1,0,NaN,NaN,NaN,872,964,1
240923_OBE_NMH_HRM,Control,OBE,macBP2,3,1,0,NaN,NaN,NaN,2088,2270,1
240923_OBE_NMH_HRM,Control,OBE,macBP2,4,1,0,NaN,NaN,NaN,2526,2634,1
240923_OBE_NMH_HRM,Control,OBE,macBP2,5,1,0,NaN,NaN,NaN,1150,1362,1
240923_OBE_NMH_HRM,Control,OBE,macBP2,6,1,0,NaN,NaN,NaN,136,336,1
240923_OBE_NMH_HRM,Control,OBE,macBP2,7,1,0,NaN,NaN,NaN,2742,3000,1
240923_OBE_NMH_HRM,Control,OBE,macBP2,8,1,0,NaN,NaN,NaN,2842,3000,1
240923_OBE_NMH_HRM,Control,OBE,macBP2,9,1,0,NaN,NaN,NaN,1700,1898,1
240923_OBE_NMH_HRM,Control,OBE,macBP2,10,1,0,NaN,NaN,NaN,1612,1822,1
240923_OBE_NMH_HRM,Control,OBE,macBP2,11,1,0,NaN,NaN,NaN,1170,1440,1
240923_OBE_NMH_HRM,Control,OBE,macBP2,12,1,0,NaN,NaN,NaN,74,306,1
240923_OBE_NMH_HRM,Control,OBE,macBP2,13,1,0,NaN,NaN,NaN,2662,2812,1
240923_OBE_NMH_HRM,Control,OBE,macBP2,14,1,0,NaN,NaN,NaN,2,38,1
240923_OBE_NMH_HRM,Control,OBE,macBP2,15,1,0,NaN,NaN,NaN,1324,1468,1
240923_OBE_NMH_HRM,Control,OBE,macBP2,16,1,0,NaN,NaN,NaN,2,152,1
240923_OBE_NMH_HRM,Control,OBE,macBP2,17,1,0,NaN,NaN,NaN,744,912,1
240923_OBE_NMH_HRM,Control,OBE,macBP2,18,1,0,NaN,NaN,NaN,1030,1160,1
240923_OBE_NMH_HRM,Control,OBE,macBP2,19,1,0,NaN,NaN,NaN,242,384,1
240923_OBE_NMH_HRM,Control,OBE,macBP2,20,1,0,NaN,NaN,NaN,464,616,1
240923_OBE_NMH_HRM,Control,OBE,macBP2,21,1,0,NaN,NaN,NaN,2660,2820,1
240923_OBE_NMH_HRM,Control,OBE,macBP2,22,1,0,NaN,NaN,NaN,2484,2642,1
240923_OBE_NMH_HRM,Control,OBE,macBP2,23,1,0,NaN,NaN,NaN,190,298,1
240923_OBE_NMH_HRM,Control,OBE,macBP2,24,1,0,NaN,NaN,NaN,1332,1458,1
240923_OBE_NMH_HRM,Control,OBE,macBP2,25,1,0,NaN,NaN,NaN,358,574,1
240923_OBE_NMH_HRM,Control,OBE,macBP2,26,1,0,NaN,NaN,NaN,2662,2794,1
240923_OBE_NMH_HRM,Control,OBE,macBP2,27,1,0,NaN,NaN,NaN,1380,1490,1
240923_OBE_NMH_HRM,Control,OBE,macBP2,28,1,0,NaN,NaN,NaN,850,982,1
240923_OBE_NMH_HRM,Control,OBE,macBP2,29,1,0,NaN,NaN,NaN,868,1096,1
240923_OBE_NMH_HRM,Control,OBE,macBP2,30,1,0,NaN,NaN,NaN,122,238,1
240923_OBE_NMH_HRM,Control,OBE,macBP2,31,1,0,NaN,NaN,NaN,1828,1968,1
240923_OBE_NMH_HRM,Control,OBE,macBP2,32,1,0,NaN,NaN,NaN,1980,2080,1
240923_OBE_NMH_HRM,Control,OBE,macBP2,33,1,0,NaN,NaN,NaN,468,614,1
240923_OBE_NMH_HRM,Control,OBE,macBP2,34,1,0,NaN,NaN,NaN,150,362,1
240923_OBE_NMH_HRM,Control,OBE,macBP2,35,1,0,NaN,NaN,NaN,2640,2800,1
240923_OBE_NMH_HRM,Control,OBE,macBP2,36,1,0,NaN,NaN,NaN,2038,2264,1
240923_OBE_NMH_HRM,Control,OBE,macBP2,37,1,0,NaN,NaN,NaN,724,876,1
240923_OBE_NMH_HRM,Control,OBE,macBP2,38,1,0,NaN,NaN,NaN,1014,1146,1
240923_OBE_NMH_HRM,Control,OBE,macBP2,39,1,0,NaN,NaN,NaN,488,642,1
240923_OBE_NMH_HRM,Control,OBE,macBP2,40,1,0,NaN,NaN,NaN,436,726,1
250310_OBE_NMH_FS,Control,OBE,macBP1,1,1,0,NaN,NaN,NaN,2958,3000,1
250310_OBE_NMH_FS,Control,OBE,macBP1,2,1,0,NaN,NaN,NaN,584,964,1
250310_OBE_NMH_FS,Control,OBE,macBP1,3,1,0,NaN,NaN,NaN,2620,3000,1
250310_OBE_NMH_FS,Control,OBE,macBP1,4,1,0,NaN,NaN,NaN,1442,1700,1
250310_OBE_NMH_FS,Control,OBE,macBP1,5,1,0,NaN,NaN,NaN,1950,2228,1
250310_OBE_NMH_FS,Control,OBE,macBP1,6,1,0,NaN,NaN,NaN,1822,2172,1
250310_OBE_NMH_FS,Control,OBE,macBP1,7,1,0,NaN,NaN,NaN,2230,2486,1
250310_OBE_NMH_FS,Control,OBE,macBP1,8,1,0,NaN,NaN,NaN,2,94,1
250310_OBE_NMH_FS,Control,OBE,macBP1,9,1,0,NaN,NaN,NaN,2102,2318,1
250310_OBE_NMH_FS,Control,OBE,macBP1,10,1,0,NaN,NaN,NaN,394,624,1
250310_OBE_NMH_FS,Control,OBE,macBP1,11,1,0,NaN,NaN,NaN,2,136,1
250310_OBE_NMH_FS,Control,OBE,macBP1,12,1,0,NaN,NaN,NaN,1650,2122,1
250310_OBE_NMH_FS,Control,OBE,macBP1,13,1,0,NaN,NaN,NaN,2840,3000,1
250310_OBE_NMH_FS,Control,OBE,macBP1,14,1,0,NaN,NaN,NaN,2604,3000,1
250310_OBE_NMH_FS,Control,OBE,macBP1,15,1,0,NaN,NaN,NaN,1668,2094,1
250310_OBE_NMH_FS,Control,OBE,macBP1,16,1,0,NaN,NaN,NaN,1446,1638,1
250310_OBE_NMH_FS,Control,OBE,macBP1,17,1,0,NaN,NaN,NaN,1756,2024,1
250310_OBE_NMH_FS,Control,OBE,macBP1,18,1,0,NaN,NaN,NaN,1456,1676,1
250310_OBE_NMH_FS,Control,OBE,macBP1,19,1,0,NaN,NaN,NaN,1718,2018,1
250310_OBE_NMH_FS,Control,OBE,macBP1,20,1,0,NaN,NaN,NaN,2802,3000,1
250310_OBE_NMH_FS,Control,OBE,macBP1,21,1,0,NaN,NaN,NaN,2206,2564,1
250310_OBE_NMH_FS,Control,OBE,macBP1,22,1,0,NaN,NaN,NaN,2608,2838,1
250310_OBE_NMH_FS,Control,OBE,macBP1,23,1,0,NaN,NaN,NaN,2156,2360,1
250310_OBE_NMH_FS,Control,OBE,macBP1,24,1,0,NaN,NaN,NaN,2302,2492,1
250310_OBE_NMH_FS,Control,OBE,macBP1,25,1,0,NaN,NaN,NaN,1762,2268,1
250310_OBE_NMH_FS,Control,OBE,macBP1,26,1,0,NaN,NaN,NaN,2394,2654,1
250310_OBE_NMH_FS,Control,OBE,macBP1,27,1,0,NaN,NaN,NaN,2510,2990,1
250310_OBE_NMH_FS,Control,OBE,macBP1,28,1,0,NaN,NaN,NaN,1394,1774,1
250310_OBE_NMH_FS,Control,OBE,macBP1,29,1,0,NaN,NaN,NaN,2442,2674,1
250310_OBE_NMH_FS,Control,OBE,macBP1,30,1,0,NaN,NaN,NaN,1678,2562,1
250310_OBE_NMH_FS,Control,OBE,macBP1,31,1,0,NaN,NaN,NaN,2342,2574,1
250310_OBE_NMH_FS,Control,OBE,macBP1,32,1,0,NaN,NaN,NaN,2844,3000,1
250310_OBE_NMH_FS,Control,OBE,macBP1,33,1,0,NaN,NaN,NaN,2948,3000,1
250310_OBE_NMH_FS,Control,OBE,macBP1,34,1,0,NaN,NaN,NaN,2274,2444,1
250310_OBE_NMH_FS,Control,OBE,macBP1,35,1,0,NaN,NaN,NaN,1854,2186,1
250310_OBE_NMH_FS,Control,OBE,macBP1,36,1,0,NaN,NaN,NaN,1290,1552,1
250310_OBE_NMH_FS,Control,OBE,macBP1,37,1,0,NaN,NaN,NaN,1678,1982,1
250310_OBE_NMH_FS,Control,OBE,macBP1,38,1,0,NaN,NaN,NaN,2792,3000,1
250310_OBE_NMH_FS,Control,OBE,macBP1,39,1,0,0.564670739756728,2552,2572,2502,2754,1
250310_OBE_NMH_FS,Control,OBE,macBP1,40,1,0,NaN,NaN,NaN,2516,2746,1
250313_OBE_NMH_CS,Control,OBE,macBP4,1,1,0,NaN,NaN,NaN,2184,2482,1
250313_OBE_NMH_CS,Control,OBE,macBP4,2,1,0,NaN,NaN,NaN,1572,1942,1
250313_OBE_NMH_CS,Control,OBE,macBP4,3,1,0,NaN,NaN,NaN,274,538,1
250313_OBE_NMH_CS,Control,OBE,macBP4,4,1,0,NaN,NaN,NaN,1188,1586,1
250313_OBE_NMH_CS,Control,OBE,macBP4,5,1,0,NaN,NaN,NaN,952,1334,1
250313_OBE_NMH_CS,Control,OBE,macBP4,6,1,0,NaN,NaN,NaN,2560,2952,1
250313_OBE_NMH_CS,Control,OBE,macBP4,7,1,0,NaN,NaN,NaN,1118,1554,1
250313_OBE_NMH_CS,Control,OBE,macBP4,8,1,0,NaN,NaN,NaN,1770,1980,1
250313_OBE_NMH_CS,Control,OBE,macBP4,9,1,0,NaN,NaN,NaN,1096,1706,1
250313_OBE_NMH_CS,Control,OBE,macBP4,10,1,0,NaN,NaN,NaN,1234,1632,1
250313_OBE_NMH_CS,Control,OBE,macBP4,11,1,0,NaN,NaN,NaN,1154,1494,1
250313_OBE_NMH_CS,Control,OBE,macBP4,12,1,0,NaN,NaN,NaN,674,910,1
250313_OBE_NMH_CS,Control,OBE,macBP4,13,1,0,NaN,NaN,NaN,1282,1756,1
250313_OBE_NMH_CS,Control,OBE,macBP4,14,1,0,NaN,NaN,NaN,246,630,1
250313_OBE_NMH_CS,Control,OBE,macBP4,15,1,0,NaN,NaN,NaN,1098,1258,1
250313_OBE_NMH_CS,Control,OBE,macBP4,16,1,0,NaN,NaN,NaN,1868,2096,1
250313_OBE_NMH_CS,Control,OBE,macBP4,17,1,0,NaN,NaN,NaN,1386,1690,1
250313_OBE_NMH_CS,Control,OBE,macBP4,18,1,0,NaN,NaN,NaN,566,792,1
250313_OBE_NMH_CS,Control,OBE,macBP4,19,1,0,NaN,NaN,NaN,898,2140,1
250313_OBE_NMH_CS,Control,OBE,macBP4,20,1,0,NaN,NaN,NaN,896,1396,1
250313_OBE_NMH_CS,Control,OBE,macBP4,21,1,0,NaN,NaN,NaN,1636,2036,1
250313_OBE_NMH_CS,Control,OBE,macBP4,22,1,0,0.666999101974936,896,898,736,1162,1
250313_OBE_NMH_CS,Control,OBE,macBP4,23,1,0,NaN,NaN,NaN,464,778,1
250313_OBE_NMH_CS,Control,OBE,macBP4,24,1,0,NaN,NaN,NaN,522,1112,1
250313_OBE_NMH_CS,Control,OBE,macBP4,25,1,0,NaN,NaN,NaN,1378,2382,1
250313_OBE_NMH_CS,Control,OBE,macBP4,26,1,0,NaN,NaN,NaN,142,608,1
250313_OBE_NMH_CS,Control,OBE,macBP4,27,1,0,NaN,NaN,NaN,1878,2190,1
250313_OBE_NMH_CS,Control,OBE,macBP4,28,1,0,NaN,NaN,NaN,2512,3000,1
250313_OBE_NMH_CS,Control,OBE,macBP4,29,1,0,0.653640774245244,298,302,190,572,1
250313_OBE_NMH_CS,Control,OBE,macBP4,30,1,0,0.931674253027967,1168,1414,534,2148,1
250313_OBE_NMH_CS,Control,OBE,macBP4,31,1,0,NaN,NaN,NaN,274,610,1
250313_OBE_NMH_CS,Control,OBE,macBP4,32,1,0,NaN,NaN,NaN,2392,2642,1
250313_OBE_NMH_CS,Control,OBE,macBP4,33,1,0,NaN,NaN,NaN,1780,2046,1
250313_OBE_NMH_CS,Control,OBE,macBP4,34,1,0,NaN,NaN,NaN,1088,1328,1
250313_OBE_NMH_CS,Control,OBE,macBP4,35,1,0,NaN,NaN,NaN,2452,2798,1
250313_OBE_NMH_CS,Control,OBE,macBP4,36,1,0,NaN,NaN,NaN,980,1432,1
250313_OBE_NMH_CS,Control,OBE,macBP4,37,1,0,NaN,NaN,NaN,2312,2808,1
250313_OBE_NMH_CS,Control,OBE,macBP4,38,1,0,NaN,NaN,NaN,1126,1316,1
250313_OBE_NMH_CS,Control,OBE,macBP4,39,1,0,NaN,NaN,NaN,522,1016,1
250623_Dupi_NMH_KS_1,DupiS1,Dupi,macBP2,1,1,0,NaN,NaN,NaN,328,568,1
250623_Dupi_NMH_KS_1,DupiS1,Dupi,macBP2,2,1,0,NaN,NaN,NaN,290,484,1
250623_Dupi_NMH_KS_1,DupiS1,Dupi,macBP2,3,1,0,NaN,NaN,NaN,1228,1392,1
250623_Dupi_NMH_KS_1,DupiS1,Dupi,macBP2,4,1,0,NaN,NaN,NaN,2862,2982,1
250623_Dupi_NMH_KS_1,DupiS1,Dupi,macBP2,5,1,0,NaN,NaN,NaN,1710,1932,1
250623_Dupi_NMH_KS_1,DupiS1,Dupi,macBP2,6,1,0,0.857212086306822,2130,2144,2060,2286,1
250623_Dupi_NMH_KS_1,DupiS1,Dupi,macBP2,7,1,0,NaN,NaN,NaN,196,486,1
250623_Dupi_NMH_KS_1,DupiS1,Dupi,macBP2,8,1,0,NaN,NaN,NaN,1654,2012,1
250623_Dupi_NMH_KS_1,DupiS1,Dupi,macBP2,9,1,0,NaN,NaN,NaN,2064,2212,1
250623_Dupi_NMH_KS_1,DupiS1,Dupi,macBP2,10,1,0,NaN,NaN,NaN,1634,1890,1
250623_Dupi_NMH_KS_1,DupiS1,Dupi,macBP2,11,1,0,NaN,NaN,NaN,1612,1810,1
250623_Dupi_NMH_KS_1,DupiS1,Dupi,macBP2,12,1,0,NaN,NaN,NaN,64,334,1
250623_Dupi_NMH_KS_1,DupiS1,Dupi,macBP2,13,1,0,NaN,NaN,NaN,188,336,1
250623_Dupi_NMH_KS_1,DupiS1,Dupi,macBP2,14,1,0,NaN,NaN,NaN,128,344,1
250623_Dupi_NMH_KS_1,DupiS1,Dupi,macBP2,15,1,0,NaN,NaN,NaN,450,624,1
250623_Dupi_NMH_KS_1,DupiS1,Dupi,macBP2,16,1,0,NaN,NaN,NaN,1324,1604,1
250623_Dupi_NMH_KS_1,DupiS1,Dupi,macBP2,17,1,0,NaN,NaN,NaN,2,308,1
250623_Dupi_NMH_KS_1,DupiS1,Dupi,macBP2,18,1,0,NaN,NaN,NaN,200,458,1
250623_Dupi_NMH_KS_1,DupiS1,Dupi,macBP2,19,1,0,NaN,NaN,NaN,182,376,1
250623_Dupi_NMH_KS_1,DupiS1,Dupi,macBP2,20,1,0,NaN,NaN,NaN,672,1010,1
250623_Dupi_NMH_KS_1,DupiS1,Dupi,macBP2,21,1,0,NaN,NaN,NaN,1714,2094,1
250623_Dupi_NMH_KS_1,DupiS1,Dupi,macBP2,22,1,0,NaN,NaN,NaN,192,424,1
250623_Dupi_NMH_KS_1,DupiS1,Dupi,macBP2,23,1,0,NaN,NaN,NaN,1652,1864,1
250623_Dupi_NMH_KS_1,DupiS1,Dupi,macBP2,24,2,0.78,NaN,NaN,NaN,410,508,1
250623_Dupi_NMH_KS_1,DupiS1,Dupi,macBP2,25,1,0,NaN,NaN,NaN,338,572,1
250623_Dupi_NMH_KS_1,DupiS1,Dupi,macBP2,26,1,0,NaN,NaN,NaN,2,154,1
250623_Dupi_NMH_KS_1,DupiS1,Dupi,macBP2,27,1,0,NaN,NaN,NaN,36,280,1
250623_Dupi_NMH_KS_1,DupiS1,Dupi,macBP2,28,1,0,NaN,NaN,NaN,196,382,1
250623_Dupi_NMH_KS_1,DupiS1,Dupi,macBP2,29,1,0,NaN,NaN,NaN,208,480,1
250623_Dupi_NMH_KS_1,DupiS1,Dupi,macBP2,30,1,0,0.592875748539301,2404,2542,2294,2600,1
250623_Dupi_NMH_KS_1,DupiS1,Dupi,macBP2,31,1,0,NaN,NaN,NaN,238,644,1
250623_Dupi_NMH_KS_1,DupiS1,Dupi,macBP2,32,1,0,NaN,NaN,NaN,258,426,1
250623_Dupi_NMH_KS_1,DupiS1,Dupi,macBP2,33,1,0,NaN,NaN,NaN,1826,2160,1
250623_Dupi_NMH_KS_1,DupiS1,Dupi,macBP2,34,1,0,NaN,NaN,NaN,40,406,1
250623_Dupi_NMH_KS_1,DupiS1,Dupi,macBP2,35,1,0,NaN,NaN,NaN,554,792,1
250623_Dupi_NMH_KS_1,DupiS1,Dupi,macBP2,36,1,0,NaN,NaN,NaN,902,1054,1
250623_Dupi_NMH_KS_1,DupiS1,Dupi,macBP2,37,1,0,NaN,NaN,NaN,722,1034,1
250623_Dupi_NMH_KS_1,DupiS1,Dupi,macBP2,38,1,0,NaN,NaN,NaN,1278,1488,1
250623_Dupi_NMH_KS_1,DupiS1,Dupi,macBP2,39,1,0,NaN,NaN,NaN,1498,1884,1
250623_Dupi_NMH_KS_1,DupiS1,Dupi,macBP2,40,1,0,NaN,NaN,NaN,196,350,1
250623_Dupi_NMH_KS_2,DupiS2,Dupi,macBP3,1,1,0,NaN,NaN,NaN,2710,2854,1
250623_Dupi_NMH_KS_2,DupiS2,Dupi,macBP3,2,1,0,NaN,NaN,NaN,636,808,1
250623_Dupi_NMH_KS_2,DupiS2,Dupi,macBP3,3,1,0,NaN,NaN,NaN,204,458,1
250623_Dupi_NMH_KS_2,DupiS2,Dupi,macBP3,4,1,0,NaN,NaN,NaN,248,466,1
250623_Dupi_NMH_KS_2,DupiS2,Dupi,macBP3,5,1,0,NaN,NaN,NaN,1292,1386,1
250623_Dupi_NMH_KS_2,DupiS2,Dupi,macBP3,6,1,0,NaN,NaN,NaN,258,458,1
250623_Dupi_NMH_KS_2,DupiS2,Dupi,macBP3,7,1,0,NaN,NaN,NaN,194,464,1
250623_Dupi_NMH_KS_2,DupiS2,Dupi,macBP3,8,1,0,NaN,NaN,NaN,82,344,1
250623_Dupi_NMH_KS_2,DupiS2,Dupi,macBP3,9,1,0,NaN,NaN,NaN,1050,1310,1
250623_Dupi_NMH_KS_2,DupiS2,Dupi,macBP3,10,1,0,NaN,NaN,NaN,970,1138,1
250623_Dupi_NMH_KS_2,DupiS2,Dupi,macBP3,11,1,0,NaN,NaN,NaN,2562,2718,1
250623_Dupi_NMH_KS_2,DupiS2,Dupi,macBP3,12,1,0,NaN,NaN,NaN,2206,2472,1
250623_Dupi_NMH_KS_2,DupiS2,Dupi,macBP3,13,1,0,NaN,NaN,NaN,1406,1590,1
250623_Dupi_NMH_KS_2,DupiS2,Dupi,macBP3,14,1,0,NaN,NaN,NaN,1678,2004,1
250623_Dupi_NMH_KS_2,DupiS2,Dupi,macBP3,15,1,0,NaN,NaN,NaN,300,552,1
250623_Dupi_NMH_KS_2,DupiS2,Dupi,macBP3,16,1,0,NaN,NaN,NaN,2934,3000,1
250623_Dupi_NMH_KS_2,DupiS2,Dupi,macBP3,17,1,0,NaN,NaN,NaN,654,970,1
250623_Dupi_NMH_KS_2,DupiS2,Dupi,macBP3,18,1,0,NaN,NaN,NaN,602,764,1
250623_Dupi_NMH_KS_2,DupiS2,Dupi,macBP3,19,1,0,NaN,NaN,NaN,68,578,1
250623_Dupi_NMH_KS_2,DupiS2,Dupi,macBP3,20,1,0,NaN,NaN,NaN,2462,2582,1
250623_Dupi_NMH_KS_2,DupiS2,Dupi,macBP3,21,1,0,NaN,NaN,NaN,88,418,1
250623_Dupi_NMH_KS_2,DupiS2,Dupi,macBP3,22,1,0,NaN,NaN,NaN,2228,2316,1
250623_Dupi_NMH_KS_2,DupiS2,Dupi,macBP3,23,1,0,NaN,NaN,NaN,1004,1296,1
250623_Dupi_NMH_KS_2,DupiS2,Dupi,macBP3,24,1,0,NaN,NaN,NaN,2544,2694,1
250623_Dupi_NMH_KS_2,DupiS2,Dupi,macBP3,25,1,0,NaN,NaN,NaN,532,750,1
250623_Dupi_NMH_KS_2,DupiS2,Dupi,macBP3,26,1,0,0.653316597701171,2784,2786,2514,3000,1
250623_Dupi_NMH_KS_2,DupiS2,Dupi,macBP3,27,1,0,NaN,NaN,NaN,2300,2474,1
250623_Dupi_NMH_KS_2,DupiS2,Dupi,macBP3,28,1,0,NaN,NaN,NaN,2660,2848,1
250623_Dupi_NMH_KS_2,DupiS2,Dupi,macBP3,29,1,0,NaN,NaN,NaN,706,876,1
250623_Dupi_NMH_KS_2,DupiS2,Dupi,macBP3,30,1,0,NaN,NaN,NaN,1024,1332,1
250623_Dupi_NMH_KS_2,DupiS2,Dupi,macBP3,31,1,0,0.708241407430073,2546,2560,2420,2668,1
250623_Dupi_NMH_KS_2,DupiS2,Dupi,macBP3,32,1,0,NaN,NaN,NaN,2606,2770,1
250623_Dupi_NMH_KS_2,DupiS2,Dupi,macBP3,33,1,0,0.878011671986799,966,1014,800,1236,1
250623_Dupi_NMH_KS_2,DupiS2,Dupi,macBP3,34,1,0,NaN,NaN,NaN,1104,1448,1
250623_Dupi_NMH_KS_2,DupiS2,Dupi,macBP3,35,1,0,NaN,NaN,NaN,1422,1584,1
250623_Dupi_NMH_KS_2,DupiS2,Dupi,macBP3,36,1,0,NaN,NaN,NaN,2356,2604,1
250623_Dupi_NMH_KS_2,DupiS2,Dupi,macBP3,37,1,0,NaN,NaN,NaN,1528,1758,1
250623_Dupi_NMH_KS_2,DupiS2,Dupi,macBP3,38,1,0,NaN,NaN,NaN,126,410,1
250623_Dupi_NMH_KS_2,DupiS2,Dupi,macBP3,39,1,0,NaN,NaN,NaN,74,276,1
250623_Dupi_NMH_KS_2,DupiS2,Dupi,macBP3,40,1,0,NaN,NaN,NaN,1028,1416,1
250818_Dupi_NMH_JH_1,DupiS1,Dupi,macBP2,1,1,0,NaN,NaN,NaN,1780,1938,1
250818_Dupi_NMH_JH_1,DupiS1,Dupi,macBP2,2,1,0,NaN,NaN,NaN,530,886,1
250818_Dupi_NMH_JH_1,DupiS1,Dupi,macBP2,3,1,0,NaN,NaN,NaN,442,750,1
250818_Dupi_NMH_JH_1,DupiS1,Dupi,macBP2,4,1,0,NaN,NaN,NaN,750,1508,1
250818_Dupi_NMH_JH_1,DupiS1,Dupi,macBP2,5,1,0,NaN,NaN,NaN,2,102,1
250818_Dupi_NMH_JH_1,DupiS1,Dupi,macBP2,6,1,0,NaN,NaN,NaN,402,808,1
250818_Dupi_NMH_JH_1,DupiS1,Dupi,macBP2,7,1,0,NaN,NaN,NaN,780,1006,1
250818_Dupi_NMH_JH_1,DupiS1,Dupi,macBP2,8,1,0,NaN,NaN,NaN,2160,2360,1
250818_Dupi_NMH_JH_1,DupiS1,Dupi,macBP2,9,1,0,0.760841741528425,1202,1222,964,1304,1
250818_Dupi_NMH_JH_1,DupiS1,Dupi,macBP2,10,1,0,NaN,NaN,NaN,220,694,1
250818_Dupi_NMH_JH_1,DupiS1,Dupi,macBP2,11,1,0,NaN,NaN,NaN,20,340,1
250818_Dupi_NMH_JH_1,DupiS1,Dupi,macBP2,12,1,0,NaN,NaN,NaN,498,722,1
250818_Dupi_NMH_JH_1,DupiS1,Dupi,macBP2,13,1,0,NaN,NaN,NaN,2060,2234,1
250818_Dupi_NMH_JH_1,DupiS1,Dupi,macBP2,14,1,0,NaN,NaN,NaN,362,636,1
250818_Dupi_NMH_JH_1,DupiS1,Dupi,macBP2,15,1,0,NaN,NaN,NaN,2078,2220,1
250818_Dupi_NMH_JH_1,DupiS1,Dupi,macBP2,16,1,0,NaN,NaN,NaN,34,256,1
250818_Dupi_NMH_JH_1,DupiS1,Dupi,macBP2,17,1,0,NaN,NaN,NaN,1748,1950,1
250818_Dupi_NMH_JH_1,DupiS1,Dupi,macBP2,18,1,0,NaN,NaN,NaN,1292,1532,1
250818_Dupi_NMH_JH_1,DupiS1,Dupi,macBP2,19,1,0,NaN,NaN,NaN,730,1038,1
250818_Dupi_NMH_JH_1,DupiS1,Dupi,macBP2,20,1,0,NaN,NaN,NaN,2,268,1
250818_Dupi_NMH_JH_1,DupiS1,Dupi,macBP2,21,1,0,NaN,NaN,NaN,102,428,1
250818_Dupi_NMH_JH_1,DupiS1,Dupi,macBP2,22,1,0,NaN,NaN,NaN,996,1250,1
250818_Dupi_NMH_JH_1,DupiS1,Dupi,macBP2,23,1,0,NaN,NaN,NaN,1618,1872,1
250818_Dupi_NMH_JH_1,DupiS1,Dupi,macBP2,24,1,0,NaN,NaN,NaN,216,462,1
250818_Dupi_NMH_JH_1,DupiS1,Dupi,macBP2,25,1,0,NaN,NaN,NaN,2,134,1
250818_Dupi_NMH_JH_1,DupiS1,Dupi,macBP2,26,1,0,NaN,NaN,NaN,30,260,1
250818_Dupi_NMH_JH_1,DupiS1,Dupi,macBP2,27,1,0,0.781488785891672,1234,1236,1068,1338,1
250818_Dupi_NMH_JH_1,DupiS1,Dupi,macBP2,28,1,0,NaN,NaN,NaN,158,382,1
250818_Dupi_NMH_JH_1,DupiS1,Dupi,macBP2,29,1,0,NaN,NaN,NaN,1490,2300,1
250818_Dupi_NMH_JH_1,DupiS1,Dupi,macBP2,30,1,0,NaN,NaN,NaN,832,1072,1
250818_Dupi_NMH_JH_1,DupiS1,Dupi,macBP2,31,1,0,NaN,NaN,NaN,2,64,1
250818_Dupi_NMH_JH_1,DupiS1,Dupi,macBP2,32,1,0,NaN,NaN,NaN,2472,2638,1
250818_Dupi_NMH_JH_1,DupiS1,Dupi,macBP2,33,1,0,NaN,NaN,NaN,620,768,1
250818_Dupi_NMH_JH_1,DupiS1,Dupi,macBP2,34,1,0,NaN,NaN,NaN,2120,2782,1
250818_Dupi_NMH_JH_1,DupiS1,Dupi,macBP2,35,1,0,NaN,NaN,NaN,562,908,1
250818_Dupi_NMH_JH_1,DupiS1,Dupi,macBP2,36,1,0,NaN,NaN,NaN,2,150,1
250818_Dupi_NMH_JH_1,DupiS1,Dupi,macBP2,37,1,0,NaN,NaN,NaN,1532,1906,1
250818_Dupi_NMH_JH_1,DupiS1,Dupi,macBP2,38,1,0,NaN,NaN,NaN,158,362,1
250818_Dupi_NMH_JH_1,DupiS1,Dupi,macBP2,39,1,0,NaN,NaN,NaN,2848,3000,1
250818_Dupi_NMH_JH_1,DupiS1,Dupi,macBP2,40,1,0,NaN,NaN,NaN,242,410,1
250818_Dupi_NMH_JH_2,DupiS2,Dupi,macBP1,1,1,0,NaN,NaN,NaN,2174,2348,1
250818_Dupi_NMH_JH_2,DupiS2,Dupi,macBP1,2,1,0,NaN,NaN,NaN,2408,2522,1
250818_Dupi_NMH_JH_2,DupiS2,Dupi,macBP1,3,1,0,NaN,NaN,NaN,1314,1598,1
250818_Dupi_NMH_JH_2,DupiS2,Dupi,macBP1,4,1,0,NaN,NaN,NaN,1924,2040,1
250818_Dupi_NMH_JH_2,DupiS2,Dupi,macBP1,5,1,0,NaN,NaN,NaN,2228,2338,1
250818_Dupi_NMH_JH_2,DupiS2,Dupi,macBP1,6,1,0,NaN,NaN,NaN,2592,2628,1
250818_Dupi_NMH_JH_2,DupiS2,Dupi,macBP1,7,1,0,NaN,NaN,NaN,1612,1778,1
250818_Dupi_NMH_JH_2,DupiS2,Dupi,macBP1,8,1,0,NaN,NaN,NaN,1260,1372,1
250818_Dupi_NMH_JH_2,DupiS2,Dupi,macBP1,9,1,0,NaN,NaN,NaN,2876,2980,1
250818_Dupi_NMH_JH_2,DupiS2,Dupi,macBP1,10,1,0,NaN,NaN,NaN,1842,1984,1
250818_Dupi_NMH_JH_2,DupiS2,Dupi,macBP1,11,1,0,NaN,NaN,NaN,2790,2980,1
250818_Dupi_NMH_JH_2,DupiS2,Dupi,macBP1,12,1,0,NaN,NaN,NaN,2190,2300,1
250818_Dupi_NMH_JH_2,DupiS2,Dupi,macBP1,13,1,0,NaN,NaN,NaN,1712,2012,1
250818_Dupi_NMH_JH_2,DupiS2,Dupi,macBP1,14,1,0,NaN,NaN,NaN,2086,2240,1
250818_Dupi_NMH_JH_2,DupiS2,Dupi,macBP1,15,1,0,NaN,NaN,NaN,2274,2398,1
250818_Dupi_NMH_JH_2,DupiS2,Dupi,macBP1,16,1,0,NaN,NaN,NaN,1700,1822,1
250818_Dupi_NMH_JH_2,DupiS2,Dupi,macBP1,17,1,0,NaN,NaN,NaN,1964,2086,1
250818_Dupi_NMH_JH_2,DupiS2,Dupi,macBP1,18,1,0,NaN,NaN,NaN,992,1122,1
250818_Dupi_NMH_JH_2,DupiS2,Dupi,macBP1,19,1,0,NaN,NaN,NaN,2038,2224,1
250818_Dupi_NMH_JH_2,DupiS2,Dupi,macBP1,20,1,0,NaN,NaN,NaN,2664,2768,1
250818_Dupi_NMH_JH_2,DupiS2,Dupi,macBP1,21,1,0,NaN,NaN,NaN,2138,2242,1
250818_Dupi_NMH_JH_2,DupiS2,Dupi,macBP1,22,1,0,NaN,NaN,NaN,768,908,1
250818_Dupi_NMH_JH_2,DupiS2,Dupi,macBP1,23,1,0,NaN,NaN,NaN,878,1038,1
250818_Dupi_NMH_JH_2,DupiS2,Dupi,macBP1,24,1,0,NaN,NaN,NaN,2044,2262,1
250818_Dupi_NMH_JH_2,DupiS2,Dupi,macBP1,25,1,0,NaN,NaN,NaN,2860,2928,1
250818_Dupi_NMH_JH_2,DupiS2,Dupi,macBP1,26,1,0,NaN,NaN,NaN,2010,2102,1
250818_Dupi_NMH_JH_2,DupiS2,Dupi,macBP1,27,1,0,NaN,NaN,NaN,2248,2474,1
250818_Dupi_NMH_JH_2,DupiS2,Dupi,macBP1,28,1,0,NaN,NaN,NaN,1774,2060,1
250818_Dupi_NMH_JH_2,DupiS2,Dupi,macBP1,29,1,0,NaN,NaN,NaN,2258,2402,1
250818_Dupi_NMH_JH_2,DupiS2,Dupi,macBP1,30,1,0,NaN,NaN,NaN,2276,2390,1
250818_Dupi_NMH_JH_2,DupiS2,Dupi,macBP1,31,1,0,NaN,NaN,NaN,1268,1352,1
250818_Dupi_NMH_JH_2,DupiS2,Dupi,macBP1,32,1,0,NaN,NaN,NaN,2220,2354,1
250818_Dupi_NMH_JH_2,DupiS2,Dupi,macBP1,33,1,0,NaN,NaN,NaN,2016,2124,1
250818_Dupi_NMH_JH_2,DupiS2,Dupi,macBP1,34,1,0,NaN,NaN,NaN,2150,2292,1
250818_Dupi_NMH_JH_2,DupiS2,Dupi,macBP1,35,1,0,NaN,NaN,NaN,1480,1580,1
250818_Dupi_NMH_JH_2,DupiS2,Dupi,macBP1,36,1,0,NaN,NaN,NaN,2130,2218,1
250818_Dupi_NMH_JH_2,DupiS2,Dupi,macBP1,37,1,0,NaN,NaN,NaN,2216,2518,1
250811_Dupi_NMH_TPB_1,DupiS1,Dupi,macBP1,1,1,0,NaN,NaN,NaN,2304,2420,1
250811_Dupi_NMH_TPB_1,DupiS1,Dupi,macBP1,2,1,0,NaN,NaN,NaN,2886,3000,1
250811_Dupi_NMH_TPB_1,DupiS1,Dupi,macBP1,3,1,0,NaN,NaN,NaN,298,456,1
250811_Dupi_NMH_TPB_1,DupiS1,Dupi,macBP1,4,1,0,NaN,NaN,NaN,1700,1816,1
250811_Dupi_NMH_TPB_1,DupiS1,Dupi,macBP1,5,1,0,NaN,NaN,NaN,2892,3000,1
250811_Dupi_NMH_TPB_1,DupiS1,Dupi,macBP1,6,1,0,NaN,NaN,NaN,1928,2064,1
250811_Dupi_NMH_TPB_1,DupiS1,Dupi,macBP1,7,1,0,NaN,NaN,NaN,322,456,1
250811_Dupi_NMH_TPB_1,DupiS1,Dupi,macBP1,8,1,0,NaN,NaN,NaN,2720,2916,1
250811_Dupi_NMH_TPB_1,DupiS1,Dupi,macBP1,9,1,0,NaN,NaN,NaN,1714,1868,1
250811_Dupi_NMH_TPB_1,DupiS1,Dupi,macBP1,10,1,0,NaN,NaN,NaN,1494,1690,1
250811_Dupi_NMH_TPB_1,DupiS1,Dupi,macBP1,11,1,0,NaN,NaN,NaN,2374,2690,1
250811_Dupi_NMH_TPB_1,DupiS1,Dupi,macBP1,12,1,0,NaN,NaN,NaN,2856,3000,1
250811_Dupi_NMH_TPB_1,DupiS1,Dupi,macBP1,13,1,0,NaN,NaN,NaN,2564,2794,1
250811_Dupi_NMH_TPB_1,DupiS1,Dupi,macBP1,14,1,0,NaN,NaN,NaN,48,380,1
250811_Dupi_NMH_TPB_1,DupiS1,Dupi,macBP1,15,1,0,0.948188400900802,1968,1970,1920,2086,1
250811_Dupi_NMH_TPB_1,DupiS1,Dupi,macBP1,16,1,0,NaN,NaN,NaN,1610,1744,1
250811_Dupi_NMH_TPB_1,DupiS1,Dupi,macBP1,17,1,0,NaN,NaN,NaN,2652,2800,1
250811_Dupi_NMH_TPB_1,DupiS1,Dupi,macBP1,18,1,0,NaN,NaN,NaN,2896,3000,1
250811_Dupi_NMH_TPB_1,DupiS1,Dupi,macBP1,19,1,0,NaN,NaN,NaN,2566,2728,1
250811_Dupi_NMH_TPB_1,DupiS1,Dupi,macBP1,20,1,0,NaN,NaN,NaN,2970,3000,1
250811_Dupi_NMH_TPB_1,DupiS1,Dupi,macBP1,21,1,0,NaN,NaN,NaN,1644,1816,1
250811_Dupi_NMH_TPB_1,DupiS1,Dupi,macBP1,22,1,0,NaN,NaN,NaN,2790,3000,1
250811_Dupi_NMH_TPB_1,DupiS1,Dupi,macBP1,23,1,0,NaN,NaN,NaN,1622,1864,1
250811_Dupi_NMH_TPB_1,DupiS1,Dupi,macBP1,24,1,0,NaN,NaN,NaN,1116,1300,1
250811_Dupi_NMH_TPB_1,DupiS1,Dupi,macBP1,25,1,0,NaN,NaN,NaN,1620,1770,1
250811_Dupi_NMH_TPB_1,DupiS1,Dupi,macBP1,26,1,0,NaN,NaN,NaN,2334,2462,1
250811_Dupi_NMH_TPB_1,DupiS1,Dupi,macBP1,27,1,0,NaN,NaN,NaN,1222,1402,1
250811_Dupi_NMH_TPB_1,DupiS1,Dupi,macBP1,28,1,0,0.818950390114854,1508,1512,1404,1620,1
250811_Dupi_NMH_TPB_1,DupiS1,Dupi,macBP1,29,1,0,NaN,NaN,NaN,1914,2054,1
250811_Dupi_NMH_TPB_1,DupiS1,Dupi,macBP1,30,2,1,NaN,NaN,NaN,2944,3000,1
250811_Dupi_NMH_TPB_1,DupiS1,Dupi,macBP1,31,1,0,NaN,NaN,NaN,1544,1696,1
250811_Dupi_NMH_TPB_1,DupiS1,Dupi,macBP1,32,1,0,NaN,NaN,NaN,100,258,1
250811_Dupi_NMH_TPB_1,DupiS1,Dupi,macBP1,33,1,0,NaN,NaN,NaN,2240,2386,1
250811_Dupi_NMH_TPB_1,DupiS1,Dupi,macBP1,34,1,0,NaN,NaN,NaN,2584,2896,1
250811_Dupi_NMH_TPB_1,DupiS1,Dupi,macBP1,35,1,0,NaN,NaN,NaN,452,588,1
250811_Dupi_NMH_TPB_1,DupiS1,Dupi,macBP1,36,1,0,NaN,NaN,NaN,1812,1974,1
250811_Dupi_NMH_TPB_1,DupiS1,Dupi,macBP1,37,1,0,NaN,NaN,NaN,618,758,1
250811_Dupi_NMH_TPB_1,DupiS1,Dupi,macBP1,38,1,0,NaN,NaN,NaN,1106,1584,1
250811_Dupi_NMH_TB_2,DupiS2,Dupi,macBP2,1,1,0,NaN,NaN,NaN,2456,2574,1
250811_Dupi_NMH_TB_2,DupiS2,Dupi,macBP2,2,1,0,NaN,NaN,NaN,1842,2110,1
250811_Dupi_NMH_TB_2,DupiS2,Dupi,macBP2,3,1,0,NaN,NaN,NaN,356,592,1
250811_Dupi_NMH_TB_2,DupiS2,Dupi,macBP2,4,1,0,NaN,NaN,NaN,606,848,1
250811_Dupi_NMH_TB_2,DupiS2,Dupi,macBP2,5,1,0,NaN,NaN,NaN,22,384,1
250811_Dupi_NMH_TB_2,DupiS2,Dupi,macBP2,6,1,0,NaN,NaN,NaN,180,498,1
250811_Dupi_NMH_TB_2,DupiS2,Dupi,macBP2,7,1,0,NaN,NaN,NaN,2,120,1
250811_Dupi_NMH_TB_2,DupiS2,Dupi,macBP2,8,1,0,NaN,NaN,NaN,8,456,1
250811_Dupi_NMH_TB_2,DupiS2,Dupi,macBP2,9,1,0,NaN,NaN,NaN,20,256,1
250811_Dupi_NMH_TB_2,DupiS2,Dupi,macBP2,10,1,0,NaN,NaN,NaN,1434,1620,1
250811_Dupi_NMH_TB_2,DupiS2,Dupi,macBP2,11,1,0,NaN,NaN,NaN,106,396,1
250811_Dupi_NMH_TB_2,DupiS2,Dupi,macBP2,12,1,0,NaN,NaN,NaN,400,684,1
250811_Dupi_NMH_TB_2,DupiS2,Dupi,macBP2,13,1,0,NaN,NaN,NaN,1774,1942,1
250811_Dupi_NMH_TB_2,DupiS2,Dupi,macBP2,14,1,0,NaN,NaN,NaN,418,518,1
250811_Dupi_NMH_TB_2,DupiS2,Dupi,macBP2,15,1,0,NaN,NaN,NaN,2652,2864,1
250811_Dupi_NMH_TB_2,DupiS2,Dupi,macBP2,16,1,0,NaN,NaN,NaN,308,438,1
250811_Dupi_NMH_TB_2,DupiS2,Dupi,macBP2,17,1,0,NaN,NaN,NaN,166,428,1
250811_Dupi_NMH_TB_2,DupiS2,Dupi,macBP2,18,1,0,NaN,NaN,NaN,436,738,1
250811_Dupi_NMH_TB_2,DupiS2,Dupi,macBP2,19,1,0,NaN,NaN,NaN,902,1104,1
250811_Dupi_NMH_TB_2,DupiS2,Dupi,macBP2,20,1,0,NaN,NaN,NaN,1446,1572,1
250811_Dupi_NMH_TB_2,DupiS2,Dupi,macBP2,21,1,0,NaN,NaN,NaN,2888,3000,1
250811_Dupi_NMH_TB_2,DupiS2,Dupi,macBP2,22,1,0,NaN,NaN,NaN,152,274,1
250811_Dupi_NMH_TB_2,DupiS2,Dupi,macBP2,23,1,0,NaN,NaN,NaN,1686,1918,1
250811_Dupi_NMH_TB_2,DupiS2,Dupi,macBP2,24,1,0,NaN,NaN,NaN,2584,2864,1
250811_Dupi_NMH_TB_2,DupiS2,Dupi,macBP2,25,1,0,NaN,NaN,NaN,2282,2550,1
250811_Dupi_NMH_TB_2,DupiS2,Dupi,macBP2,26,1,0,NaN,NaN,NaN,2650,2906,1
250811_Dupi_NMH_TB_2,DupiS2,Dupi,macBP2,27,1,0,NaN,NaN,NaN,1076,1444,1
250811_Dupi_NMH_TB_2,DupiS2,Dupi,macBP2,28,1,0,NaN,NaN,NaN,440,566,1
250811_Dupi_NMH_TB_2,DupiS2,Dupi,macBP2,29,1,0,NaN,NaN,NaN,754,986,1
250811_Dupi_NMH_TB_2,DupiS2,Dupi,macBP2,30,1,0,NaN,NaN,NaN,1286,1460,1
250811_Dupi_NMH_TB_2,DupiS2,Dupi,macBP2,31,1,0,NaN,NaN,NaN,1836,2062,1
250811_Dupi_NMH_TB_2,DupiS2,Dupi,macBP2,32,1,0,NaN,NaN,NaN,2852,3000,1
250811_Dupi_NMH_TB_2,DupiS2,Dupi,macBP2,33,1,0,NaN,NaN,NaN,964,1118,1
250811_Dupi_NMH_TB_2,DupiS2,Dupi,macBP2,34,1,0,NaN,NaN,NaN,2676,2936,1
250811_Dupi_NMH_TB_2,DupiS2,Dupi,macBP2,35,1,0,NaN,NaN,NaN,2562,2728,1
250811_Dupi_NMH_TB_2,DupiS2,Dupi,macBP2,36,1,0,NaN,NaN,NaN,2840,3000,1
250811_Dupi_NMH_TB_2,DupiS2,Dupi,macBP2,37,1,0,NaN,NaN,NaN,2,90,1
