session,group,type,trial,eligible,nGoodContacts,profileSim,included
250929_Dupi_NMH_GH_1,DupiS1,Dupi,1,1,4,0.745038902629537,1
250929_Dupi_NMH_GH_1,DupiS1,Dupi,2,1,4,0.957707872580431,1
250929_Dupi_NMH_GH_1,DupiS1,Dupi,3,1,4,0.675968847844293,1
250929_Dupi_NMH_GH_1,DupiS1,Dupi,4,1,4,-0.854989421755403,1
250929_Dupi_NMH_GH_1,DupiS1,Dupi,5,1,4,0.898656938854854,1
250929_Dupi_NMH_GH_1,DupiS1,Dupi,6,1,4,-0.230010069341985,1
250929_Dupi_NMH_GH_1,DupiS1,Dupi,7,1,4,-0.347459821265505,1
250929_Dupi_NMH_GH_1,DupiS1,Dupi,8,1,4,-0.323766993502514,1
250929_Dupi_NMH_GH_1,DupiS1,Dupi,9,1,4,-0.6396529515646,1
250929_Dupi_NMH_GH_1,DupiS1,Dupi,10,1,4,-0.0912660817286062,1
250929_Dupi_NMH_GH_1,DupiS1,Dupi,11,1,4,-0.225830817252747,1
250929_Dupi_NMH_GH_1,DupiS1,Dupi,12,1,4,-0.257088216038804,1
250929_Dupi_NMH_GH_1,DupiS1,Dupi,13,1,4,0.954573998456463,1
250929_Dupi_NMH_GH_1,DupiS1,Dupi,14,1,4,-0.0250250612733541,1
250929_Dupi_NMH_GH_1,DupiS1,Dupi,15,1,4,0.91294328018618,1
250929_Dupi_NMH_GH_1,DupiS1,Dupi,16,1,4,0.706094897248478,1
250929_Dupi_NMH_GH_1,DupiS1,Dupi,17,1,4,0.415035628149654,1
250929_Dupi_NMH_GH_1,DupiS1,Dupi,18,1,4,-0.651122551975565,1
250929_Dupi_NMH_GH_1,DupiS1,Dupi,19,1,4,0.907552660963675,1
250929_Dupi_NMH_GH_1,DupiS1,Dupi,20,1,4,0.439751314400344,1
250929_Dupi_NMH_GH_1,DupiS1,Dupi,21,1,4,0.142818755442646,1
250929_Dupi_NMH_GH_1,DupiS1,Dupi,22,1,4,0.783543472890862,1
250929_Dupi_NMH_GH_1,DupiS1,Dupi,23,1,4,-0.150769978685176,1
250929_Dupi_NMH_GH_1,DupiS1,Dupi,24,1,4,-0.0100882754463104,1
250929_Dupi_NMH_GH_1,DupiS1,Dupi,25,1,4,0.280311462675977,1
250929_Dupi_NMH_GH_1,DupiS1,Dupi,26,1,4,0.893604547993072,1
250929_Dupi_NMH_GH_1,DupiS1,Dupi,27,1,4,0.155800273044684,1
250929_Dupi_NMH_GH_1,DupiS1,Dupi,28,1,4,0.577304491394104,1
250929_Dupi_NMH_GH_1,DupiS1,Dupi,29,1,4,-0.0202286293987283,1
250929_Dupi_NMH_GH_1,DupiS1,Dupi,30,1,4,0.995123085079072,1
250929_Dupi_NMH_GH_1,DupiS1,Dupi,31,1,4,0.179559398102287,1
250929_Dupi_NMH_GH_1,DupiS1,Dupi,32,1,4,-0.0847509289709616,1
250929_Dupi_NMH_GH_1,DupiS1,Dupi,33,1,4,0.361288037773939,1
250929_Dupi_NMH_GH_1,DupiS1,Dupi,34,1,4,0.635061019651312,1
250929_Dupi_NMH_GH_1,DupiS1,Dupi,35,1,4,0.327556760298545,1
250929_Dupi_NMH_GH_1,DupiS1,Dupi,36,1,4,0.935594569414746,1
250929_Dupi_NMH_GH_1,DupiS1,Dupi,37,1,4,-0.443607153824619,1
250929_Dupi_NMH_GH_1,DupiS1,Dupi,38,1,4,-0.484951533464313,1
251002_Dupi_NMH_AB_1,DupiS1,Dupi,1,0,5,,
251002_Dupi_NMH_AB_1,DupiS1,Dupi,2,0,5,,
251002_Dupi_NMH_AB_1,DupiS1,Dupi,3,0,5,,
251002_Dupi_NMH_AB_1,DupiS1,Dupi,4,0,5,,
251002_Dupi_NMH_AB_1,DupiS1,Dupi,5,0,5,,
251002_Dupi_NMH_AB_1,DupiS1,Dupi,6,0,5,,
251002_Dupi_NMH_AB_1,DupiS1,Dupi,7,0,5,,
251002_Dupi_NMH_AB_1,DupiS1,Dupi,8,0,5,,
251002_Dupi_NMH_AB_1,DupiS1,Dupi,9,0,5,,
251002_Dupi_NMH_AB_1,DupiS1,Dupi,10,0,5,,
251002_Dupi_NMH_AB_1,DupiS1,Dupi,11,0,5,,
251002_Dupi_NMH_AB_1,DupiS1,Dupi,12,0,5,,
251002_Dupi_NMH_AB_1,DupiS1,Dupi,13,0,5,,
251002_Dupi_NMH_AB_1,DupiS1,Dupi,14,0,5,,
251002_Dupi_NMH_AB_1,DupiS1,Dupi,15,0,5,,
251002_Dupi_NMH_AB_1,DupiS1,Dupi,16,0,5,,
251002_Dupi_NMH_AB_1,DupiS1,Dupi,17,0,5,,
251002_Dupi_NMH_AB_1,DupiS1,Dupi,18,0,5,,
251002_Dupi_NMH_AB_1,DupiS1,Dupi,19,0,5,,
251002_Dupi_NMH_AB_1,DupiS1,Dupi,20,0,5,,
251002_Dupi_NMH_AB_1,DupiS1,Dupi,21,0,5,,
251002_Dupi_NMH_AB_1,DupiS1,Dupi,22,0,5,,
251002_Dupi_NMH_AB_1,DupiS1,Dupi,23,0,5,,
251002_Dupi_NMH_AB_1,DupiS1,Dupi,24,0,5,,
251002_Dupi_NMH_AB_1,DupiS1,Dupi,25,0,5,,
251002_Dupi_NMH_AB_1,DupiS1,Dupi,26,0,5,,
251002_Dupi_NMH_AB_1,DupiS1,Dupi,27,0,5,,
251002_Dupi_NMH_AB_1,DupiS1,Dupi,28,0,5,,
251002_Dupi_NMH_AB_1,DupiS1,Dupi,29,0,5,,
251002_Dupi_NMH_AB_1,DupiS1,Dupi,30,0,5,,
251002_Dupi_NMH_AB_1,DupiS1,Dupi,31,0,5,,
251002_Dupi_NMH_AB_1,DupiS1,Dupi,32,0,5,,
251002_Dupi_NMH_AB_1,DupiS1,Dupi,33,0,5,,
251002_Dupi_NMH_AB_1,DupiS1,Dupi,34,0,5,,
251002_Dupi_NMH_AB_1,DupiS1,Dupi,35,0,5,,
251002_Dupi_NMH_AB_1,DupiS1,Dupi,36,0,5,,
251002_Dupi_NMH_AB_1,DupiS1,Dupi,37,0,5,,
251002_Dupi_NMH_AB_1,DupiS1,Dupi,38,0,5,,
251002_Dupi_NMH_AB_1,DupiS1,Dupi,39,0,5,NaN,0
251027_Dupi_NMH_DL_1,DupiS1,Dupi,1,1,5,0.773534894746468,1
251027_Dupi_NMH_DL_1,DupiS1,Dupi,2,1,5,0.876216039461979,1
251027_Dupi_NMH_DL_1,DupiS1,Dupi,3,1,5,0.83187513177314,1
251027_Dupi_NMH_DL_1,DupiS1,Dupi,4,1,5,0.321068600513498,1
251027_Dupi_NMH_DL_1,DupiS1,Dupi,5,1,5,0.742252239354705,1
251027_Dupi_NMH_DL_1,DupiS1,Dupi,6,1,5,0.0162287657452557,1
251027_Dupi_NMH_DL_1,DupiS1,Dupi,7,1,5,0.713171251429488,1
251027_Dupi_NMH_DL_1,DupiS1,Dupi,8,1,5,0.881675928038994,1
251027_Dupi_NMH_DL_1,DupiS1,Dupi,9,1,5,0.312403084693388,1
251027_Dupi_NMH_DL_1,DupiS1,Dupi,10,1,5,0.856524177519539,1
251027_Dupi_NMH_DL_1,DupiS1,Dupi,11,1,5,0.872645587380469,1
251027_Dupi_NMH_DL_1,DupiS1,Dupi,12,1,5,0.96742664586553,1
251027_Dupi_NMH_DL_1,DupiS1,Dupi,13,1,5,0.557483377850909,1
251027_Dupi_NMH_DL_1,DupiS1,Dupi,14,1,5,0.311097239871412,1
251027_Dupi_NMH_DL_1,DupiS1,Dupi,15,1,5,0.963930442204776,1
251027_Dupi_NMH_DL_1,DupiS1,Dupi,16,1,5,0.993900878064432,1
251027_Dupi_NMH_DL_1,DupiS1,Dupi,17,1,5,0.73310134577308,1
251027_Dupi_NMH_DL_1,DupiS1,Dupi,18,1,5,0.851090398447558,1
251027_Dupi_NMH_DL_1,DupiS1,Dupi,19,1,5,0.179176966462862,1
251027_Dupi_NMH_DL_1,DupiS1,Dupi,20,1,5,0.606462859667594,1
251027_Dupi_NMH_DL_1,DupiS1,Dupi,21,1,5,0.919257565811903,1
251027_Dupi_NMH_DL_1,DupiS1,Dupi,22,1,5,0.2349737209433,1
251027_Dupi_NMH_DL_1,DupiS1,Dupi,23,1,5,0.860865457995193,1
251027_Dupi_NMH_DL_1,DupiS1,Dupi,24,1,5,0.949513430161946,1
251027_Dupi_NMH_DL_1,DupiS1,Dupi,25,1,5,0.226143666890222,1
251027_Dupi_NMH_DL_1,DupiS1,Dupi,26,1,5,0.607502476485815,1
251027_Dupi_NMH_DL_1,DupiS1,Dupi,27,1,5,0.466125687052963,1
251027_Dupi_NMH_DL_1,DupiS1,Dupi,28,1,5,0.927628250611482,1
251027_Dupi_NMH_DL_1,DupiS1,Dupi,29,1,5,-0.00329053666925601,1
251027_Dupi_NMH_DL_1,DupiS1,Dupi,30,1,5,0.607760925335195,1
251027_Dupi_NMH_DL_1,DupiS1,Dupi,31,1,5,0.384572733440183,1
251027_Dupi_NMH_DL_1,DupiS1,Dupi,32,1,5,0.660182720680763,1
251027_Dupi_NMH_DL_1,DupiS1,Dupi,33,1,5,0.767916337351918,1
251027_Dupi_NMH_DL_1,DupiS1,Dupi,34,1,5,0.846567047300758,1
251027_Dupi_NMH_DL_1,DupiS1,Dupi,35,1,5,0.420108888848288,1
251027_Dupi_NMH_DL_1,DupiS1,Dupi,36,1,5,0.444647801514157,1
251027_Dupi_NMH_DL_1,DupiS1,Dupi,37,1,5,0.341592053689009,1
251027_Dupi_NMH_DL_1,DupiS1,Dupi,38,1,5,0.68866927329124,1
251027_Dupi_NMH_DL_1,DupiS1,Dupi,39,1,5,0.999516483022049,1
250929_Dupi_NMH_GH_2,DupiS2,Dupi,1,1,3,-0.389141667103617,1
250929_Dupi_NMH_GH_2,DupiS2,Dupi,2,1,3,0.963276472227423,1
250929_Dupi_NMH_GH_2,DupiS2,Dupi,3,1,3,-0.638662342155869,1
250929_Dupi_NMH_GH_2,DupiS2,Dupi,4,1,3,0.891216947658353,1
250929_Dupi_NMH_GH_2,DupiS2,Dupi,5,1,3,0.990690895694981,1
250929_Dupi_NMH_GH_2,DupiS2,Dupi,6,1,3,0.93124625346748,1
250929_Dupi_NMH_GH_2,DupiS2,Dupi,7,1,3,0.991032632358689,1
250929_Dupi_NMH_GH_2,DupiS2,Dupi,8,1,3,0.935967484770523,1
250929_Dupi_NMH_GH_2,DupiS2,Dupi,9,1,3,0.964604651342168,1
250929_Dupi_NMH_GH_2,DupiS2,Dupi,10,1,3,-0.0368531429804902,1
250929_Dupi_NMH_GH_2,DupiS2,Dupi,11,1,3,0.765723087822788,1
250929_Dupi_NMH_GH_2,DupiS2,Dupi,12,1,3,0.739831003120357,1
250929_Dupi_NMH_GH_2,DupiS2,Dupi,13,1,3,0.996987886682841,1
250929_Dupi_NMH_GH_2,DupiS2,Dupi,14,1,3,-0.164616825035725,1
250929_Dupi_NMH_GH_2,DupiS2,Dupi,15,1,3,0.854393852280716,1
250929_Dupi_NMH_GH_2,DupiS2,Dupi,16,1,3,0.549752609464562,1
250929_Dupi_NMH_GH_2,DupiS2,Dupi,17,1,3,0.976693545353114,1
250929_Dupi_NMH_GH_2,DupiS2,Dupi,18,1,3,0.817744675529286,1
250929_Dupi_NMH_GH_2,DupiS2,Dupi,19,1,3,0.933241346468512,1
250929_Dupi_NMH_GH_2,DupiS2,Dupi,20,1,3,0.420172314809303,1
250929_Dupi_NMH_GH_2,DupiS2,Dupi,21,1,3,0.761536869093579,1
250929_Dupi_NMH_GH_2,DupiS2,Dupi,22,1,3,0.980868456419339,1
250929_Dupi_NMH_GH_2,DupiS2,Dupi,23,1,3,0.80671504690698,1
250929_Dupi_NMH_GH_2,DupiS2,Dupi,24,1,3,0.664332907254346,1
250929_Dupi_NMH_GH_2,DupiS2,Dupi,25,1,3,-0.355516005144146,1
250929_Dupi_NMH_GH_2,DupiS2,Dupi,26,1,3,0.586377299668231,1
250929_Dupi_NMH_GH_2,DupiS2,Dupi,27,1,3,0.968010913980641,1
250929_Dupi_NMH_GH_2,DupiS2,Dupi,28,1,3,0.993948261750005,1
250929_Dupi_NMH_GH_2,DupiS2,Dupi,29,1,3,-0.936475041710453,1
250929_Dupi_NMH_GH_2,DupiS2,Dupi,30,1,3,0.99595379191105,1
250929_Dupi_NMH_GH_2,DupiS2,Dupi,31,1,3,0.990206858288503,1
250929_Dupi_NMH_GH_2,DupiS2,Dupi,32,1,3,0.961405039783655,1
250929_Dupi_NMH_GH_2,DupiS2,Dupi,33,1,3,0.324579735661414,1
250929_Dupi_NMH_GH_2,DupiS2,Dupi,34,1,3,0.953062447025849,1
250929_Dupi_NMH_GH_2,DupiS2,Dupi,35,1,3,0.719179732495616,1
250929_Dupi_NMH_GH_2,DupiS2,Dupi,36,1,3,0.979231129432877,1
250929_Dupi_NMH_GH_2,DupiS2,Dupi,37,1,3,0.47554228887853,1
250929_Dupi_NMH_GH_2,DupiS2,Dupi,38,1,3,0.999181938308634,1
250929_Dupi_NMH_GH_2,DupiS2,Dupi,39,1,3,0.822798538070836,1
250929_Dupi_NMH_GH_2,DupiS2,Dupi,40,1,3,-0.583699259812299,1
251002_Dupi_NMH_AB_2,DupiS2,Dupi,1,1,2,-1,1
251002_Dupi_NMH_AB_2,DupiS2,Dupi,2,1,2,-1,1
251002_Dupi_NMH_AB_2,DupiS2,Dupi,3,1,2,-1,1
251002_Dupi_NMH_AB_2,DupiS2,Dupi,4,1,2,1,1
251002_Dupi_NMH_AB_2,DupiS2,Dupi,5,1,2,1,1
251002_Dupi_NMH_AB_2,DupiS2,Dupi,6,1,2,1,1
251002_Dupi_NMH_AB_2,DupiS2,Dupi,7,1,2,-1,1
251002_Dupi_NMH_AB_2,DupiS2,Dupi,8,1,2,1,1
251002_Dupi_NMH_AB_2,DupiS2,Dupi,9,1,2,1,1
251002_Dupi_NMH_AB_2,DupiS2,Dupi,10,1,2,1,1
251002_Dupi_NMH_AB_2,DupiS2,Dupi,11,1,2,1,1
251002_Dupi_NMH_AB_2,DupiS2,Dupi,12,1,2,-1,1
251002_Dupi_NMH_AB_2,DupiS2,Dupi,13,1,2,-1,1
251002_Dupi_NMH_AB_2,DupiS2,Dupi,14,1,2,1,1
251002_Dupi_NMH_AB_2,DupiS2,Dupi,15,1,2,-1,1
251002_Dupi_NMH_AB_2,DupiS2,Dupi,16,1,2,-1,1
251002_Dupi_NMH_AB_2,DupiS2,Dupi,17,1,2,-1,1
251002_Dupi_NMH_AB_2,DupiS2,Dupi,18,1,2,-1,1
251002_Dupi_NMH_AB_2,DupiS2,Dupi,19,1,2,-1,1
251002_Dupi_NMH_AB_2,DupiS2,Dupi,20,1,2,1,1
251002_Dupi_NMH_AB_2,DupiS2,Dupi,21,1,2,1,1
251002_Dupi_NMH_AB_2,DupiS2,Dupi,22,1,2,-1,1
251002_Dupi_NMH_AB_2,DupiS2,Dupi,23,1,2,-1,1
251002_Dupi_NMH_AB_2,DupiS2,Dupi,24,1,2,1,1
251002_Dupi_NMH_AB_2,DupiS2,Dupi,25,1,2,-1,1
251002_Dupi_NMH_AB_2,DupiS2,Dupi,26,1,2,-1,1
251002_Dupi_NMH_AB_2,DupiS2,Dupi,27,1,2,-1,1
251002_Dupi_NMH_AB_2,DupiS2,Dupi,28,1,2,-1,1
251002_Dupi_NMH_AB_2,DupiS2,Dupi,29,1,2,-1,1
251002_Dupi_NMH_AB_2,DupiS2,Dupi,30,1,2,1,1
251002_Dupi_NMH_AB_2,DupiS2,Dupi,31,1,2,1,1
251002_Dupi_NMH_AB_2,DupiS2,Dupi,32,1,2,-1,1
251002_Dupi_NMH_AB_2,DupiS2,Dupi,33,1,2,1,1
251002_Dupi_NMH_AB_2,DupiS2,Dupi,34,1,2,1,1
251002_Dupi_NMH_AB_2,DupiS2,Dupi,35,1,2,1,1
251002_Dupi_NMH_AB_2,DupiS2,Dupi,36,1,2,1,1
251002_Dupi_NMH_AB_2,DupiS2,Dupi,37,1,2,1,1
251002_Dupi_NMH_AB_2,DupiS2,Dupi,38,1,2,1,1
251002_Dupi_NMH_AB_2,DupiS2,Dupi,39,1,2,1,1
250623_Dupi_NMH_KS_3,DupiS3,Dupi,1,1,5,0.787136683224951,1
250623_Dupi_NMH_KS_3,DupiS3,Dupi,2,1,5,0.289707343822414,1
250623_Dupi_NMH_KS_3,DupiS3,Dupi,3,1,5,0.65528706708778,1
250623_Dupi_NMH_KS_3,DupiS3,Dupi,4,1,5,-0.314013635167336,1
250623_Dupi_NMH_KS_3,DupiS3,Dupi,5,1,5,0.974590845965024,1
250623_Dupi_NMH_KS_3,DupiS3,Dupi,6,1,5,0.715506271742818,1
250623_Dupi_NMH_KS_3,DupiS3,Dupi,7,1,5,0.860500996787039,1
250623_Dupi_NMH_KS_3,DupiS3,Dupi,8,1,5,-0.0151468077339949,1
250623_Dupi_NMH_KS_3,DupiS3,Dupi,9,1,5,0.7941819992484,1
250623_Dupi_NMH_KS_3,DupiS3,Dupi,10,1,5,0.844048799110879,1
250623_Dupi_NMH_KS_3,DupiS3,Dupi,11,1,5,-0.24491619884709,1
250623_Dupi_NMH_KS_3,DupiS3,Dupi,12,1,5,0.110078928363309,1
250623_Dupi_NMH_KS_3,DupiS3,Dupi,13,1,5,0.358963637051607,1
250623_Dupi_NMH_KS_3,DupiS3,Dupi,14,1,5,-0.0691551094165328,1
250623_Dupi_NMH_KS_3,DupiS3,Dupi,15,1,5,-0.149164566642012,1
250623_Dupi_NMH_KS_3,DupiS3,Dupi,16,1,5,0.788087395830798,1
250623_Dupi_NMH_KS_3,DupiS3,Dupi,17,1,5,-0.357035805228231,1
250623_Dupi_NMH_KS_3,DupiS3,Dupi,18,1,5,0.308140957504566,1
250623_Dupi_NMH_KS_3,DupiS3,Dupi,19,1,5,-0.311823485084715,1
250623_Dupi_NMH_KS_3,DupiS3,Dupi,20,1,5,0.13863670340341,1
250623_Dupi_NMH_KS_3,DupiS3,Dupi,21,1,5,0.97885684745125,1
250623_Dupi_NMH_KS_3,DupiS3,Dupi,22,1,5,-0.0835200652789759,1
250623_Dupi_NMH_KS_3,DupiS3,Dupi,23,1,5,0.215738761054751,1
250623_Dupi_NMH_KS_3,DupiS3,Dupi,24,1,5,0.131955625656966,1
250623_Dupi_NMH_KS_3,DupiS3,Dupi,25,1,5,-0.00554381719583368,1
250623_Dupi_NMH_KS_3,DupiS3,Dupi,26,1,5,0.834988737250922,1
250623_Dupi_NMH_KS_3,DupiS3,Dupi,27,1,5,0.561876770496773,1
250623_Dupi_NMH_KS_3,DupiS3,Dupi,28,1,5,0.172288668423873,1
250623_Dupi_NMH_KS_3,DupiS3,Dupi,29,1,5,0.879350296472842,1
250623_Dupi_NMH_KS_3,DupiS3,Dupi,30,1,5,0.468566076094279,1
250623_Dupi_NMH_KS_3,DupiS3,Dupi,31,1,5,0.808852307060354,1
250623_Dupi_NMH_KS_3,DupiS3,Dupi,32,1,5,-0.229929889221215,1
250623_Dupi_NMH_KS_3,DupiS3,Dupi,33,1,5,0.0457178991737252,1
250623_Dupi_NMH_KS_3,DupiS3,Dupi,34,1,5,-0.00790728485407593,1
250623_Dupi_NMH_KS_3,DupiS3,Dupi,35,1,5,0.782421114193622,1
250623_Dupi_NMH_KS_3,DupiS3,Dupi,36,1,5,-0.345231298264644,1
250623_Dupi_NMH_KS_3,DupiS3,Dupi,37,1,5,0.688696325680389,1
250623_Dupi_NMH_KS_3,DupiS3,Dupi,38,1,5,0.138800474394974,1
250623_Dupi_NMH_KS_3,DupiS3,Dupi,39,1,5,-0.00234046177779912,1
250623_Dupi_NMH_KS_3,DupiS3,Dupi,40,1,5,0.339575442229627,1
251013_Dupi_NMH_JN_2,DupiS2,Dupi,1,0,4,,
251013_Dupi_NMH_JN_2,DupiS2,Dupi,2,0,4,,
251013_Dupi_NMH_JN_2,DupiS2,Dupi,3,0,4,,
251013_Dupi_NMH_JN_2,DupiS2,Dupi,4,0,4,,
251013_Dupi_NMH_JN_2,DupiS2,Dupi,5,0,4,,
251013_Dupi_NMH_JN_2,DupiS2,Dupi,6,0,4,,
251013_Dupi_NMH_JN_2,DupiS2,Dupi,7,0,4,,
251013_Dupi_NMH_JN_2,DupiS2,Dupi,8,0,4,,
251013_Dupi_NMH_JN_2,DupiS2,Dupi,9,0,4,,
251013_Dupi_NMH_JN_2,DupiS2,Dupi,10,0,4,,
251013_Dupi_NMH_JN_2,DupiS2,Dupi,11,0,4,,
251013_Dupi_NMH_JN_2,DupiS2,Dupi,12,0,4,,
251013_Dupi_NMH_JN_2,DupiS2,Dupi,13,0,4,,
251013_Dupi_NMH_JN_2,DupiS2,Dupi,14,0,4,,
251013_Dupi_NMH_JN_2,DupiS2,Dupi,15,0,4,,
251013_Dupi_NMH_JN_2,DupiS2,Dupi,16,0,4,,
251013_Dupi_NMH_JN_2,DupiS2,Dupi,17,0,4,,
251013_Dupi_NMH_JN_2,DupiS2,Dupi,18,0,4,,
251013_Dupi_NMH_JN_2,DupiS2,Dupi,19,0,4,,
251013_Dupi_NMH_JN_2,DupiS2,Dupi,20,0,4,,
251013_Dupi_NMH_JN_2,DupiS2,Dupi,21,0,4,,
251013_Dupi_NMH_JN_2,DupiS2,Dupi,22,0,4,,
251013_Dupi_NMH_JN_2,DupiS2,Dupi,23,0,4,,
251013_Dupi_NMH_JN_2,DupiS2,Dupi,24,0,4,,
251013_Dupi_NMH_JN_2,DupiS2,Dupi,25,0,4,,
251013_Dupi_NMH_JN_2,DupiS2,Dupi,26,0,4,,
251013_Dupi_NMH_JN_2,DupiS2,Dupi,27,0,4,,
251013_Dupi_NMH_JN_2,DupiS2,Dupi,28,0,4,,
251013_Dupi_NMH_JN_2,DupiS2,Dupi,29,0,4,,
251013_Dupi_NMH_JN_2,DupiS2,Dupi,30,0,4,,
251013_Dupi_NMH_JN_2,DupiS2,Dupi,31,0,4,,
251013_Dupi_NMH_JN_2,DupiS2,Dupi,32,0,4,,
251013_Dupi_NMH_JN_2,DupiS2,Dupi,33,0,4,,
251013_Dupi_NMH_JN_2,DupiS2,Dupi,34,0,4,,
251013_Dupi_NMH_JN_2,DupiS2,Dupi,35,0,4,,
251013_Dupi_NMH_JN_2,DupiS2,Dupi,36,0,4,,
251013_Dupi_NMH_JN_2,DupiS2,Dupi,37,0,4,,
251013_Dupi_NMH_JN_2,DupiS2,Dupi,38,0,4,,
251013_Dupi_NMH_JN_2,DupiS2,Dupi,39,0,4,,
251013_Dupi_NMH_JN_2,DupiS2,Dupi,40,0,4,NaN,0
251110_Dupi_NMH_PC_1,DupiS1,Dupi,1,0,1,,
251110_Dupi_NMH_PC_1,DupiS1,Dupi,2,0,1,,
251110_Dupi_NMH_PC_1,DupiS1,Dupi,3,0,1,,
251110_Dupi_NMH_PC_1,DupiS1,Dupi,4,0,1,,
251110_Dupi_NMH_PC_1,DupiS1,Dupi,5,0,1,,
251110_Dupi_NMH_PC_1,DupiS1,Dupi,6,0,1,,
251110_Dupi_NMH_PC_1,DupiS1,Dupi,7,0,1,,
251110_Dupi_NMH_PC_1,DupiS1,Dupi,8,0,1,,
251110_Dupi_NMH_PC_1,DupiS1,Dupi,9,0,1,,
251110_Dupi_NMH_PC_1,DupiS1,Dupi,10,0,1,,
251110_Dupi_NMH_PC_1,DupiS1,Dupi,11,0,1,,
251110_Dupi_NMH_PC_1,DupiS1,Dupi,12,0,1,,
251110_Dupi_NMH_PC_1,DupiS1,Dupi,13,0,1,,
251110_Dupi_NMH_PC_1,DupiS1,Dupi,14,0,1,,
251110_Dupi_NMH_PC_1,DupiS1,Dupi,15,0,1,,
251110_Dupi_NMH_PC_1,DupiS1,Dupi,16,0,1,,
251110_Dupi_NMH_PC_1,DupiS1,Dupi,17,0,1,,
251110_Dupi_NMH_PC_1,DupiS1,Dupi,18,0,1,,
251110_Dupi_NMH_PC_1,DupiS1,Dupi,19,0,1,,
251110_Dupi_NMH_PC_1,DupiS1,Dupi,20,0,1,,
251110_Dupi_NMH_PC_1,DupiS1,Dupi,21,0,1,,
251110_Dupi_NMH_PC_1,DupiS1,Dupi,22,0,1,,
251110_Dupi_NMH_PC_1,DupiS1,Dupi,23,0,1,,
251110_Dupi_NMH_PC_1,DupiS1,Dupi,24,0,1,,
251110_Dupi_NMH_PC_1,DupiS1,Dupi,25,0,1,,
251110_Dupi_NMH_PC_1,DupiS1,Dupi,26,0,1,,
251110_Dupi_NMH_PC_1,DupiS1,Dupi,27,0,1,,
251110_Dupi_NMH_PC_1,DupiS1,Dupi,28,0,1,,
251110_Dupi_NMH_PC_1,DupiS1,Dupi,29,0,1,,
251110_Dupi_NMH_PC_1,DupiS1,Dupi,30,0,1,,
251110_Dupi_NMH_PC_1,DupiS1,Dupi,31,0,1,,
251110_Dupi_NMH_PC_1,DupiS1,Dupi,32,0,1,,
251110_Dupi_NMH_PC_1,DupiS1,Dupi,33,0,1,,
251110_Dupi_NMH_PC_1,DupiS1,Dupi,34,0,1,,
251110_Dupi_NMH_PC_1,DupiS1,Dupi,35,0,1,,
251110_Dupi_NMH_PC_1,DupiS1,Dupi,36,0,1,NaN,0
251030_Dupi_NMH_DB_1,DupiS1,Dupi,1,0,5,,
251030_Dupi_NMH_DB_1,DupiS1,Dupi,2,0,5,,
251030_Dupi_NMH_DB_1,DupiS1,Dupi,3,0,5,,
251030_Dupi_NMH_DB_1,DupiS1,Dupi,4,0,5,,
251030_Dupi_NMH_DB_1,DupiS1,Dupi,5,0,5,,
251030_Dupi_NMH_DB_1,DupiS1,Dupi,6,0,5,,
251030_Dupi_NMH_DB_1,DupiS1,Dupi,7,0,5,,
251030_Dupi_NMH_DB_1,DupiS1,Dupi,8,0,5,,
251030_Dupi_NMH_DB_1,DupiS1,Dupi,9,0,5,,
251030_Dupi_NMH_DB_1,DupiS1,Dupi,10,0,5,,
251030_Dupi_NMH_DB_1,DupiS1,Dupi,11,0,5,,
251030_Dupi_NMH_DB_1,DupiS1,Dupi,12,0,5,,
251030_Dupi_NMH_DB_1,DupiS1,Dupi,13,0,5,,
251030_Dupi_NMH_DB_1,DupiS1,Dupi,14,0,5,,
251030_Dupi_NMH_DB_1,DupiS1,Dupi,15,0,5,,
251030_Dupi_NMH_DB_1,DupiS1,Dupi,16,0,5,,
251030_Dupi_NMH_DB_1,DupiS1,Dupi,17,0,5,,
251030_Dupi_NMH_DB_1,DupiS1,Dupi,18,0,5,,
251030_Dupi_NMH_DB_1,DupiS1,Dupi,19,0,5,,
251030_Dupi_NMH_DB_1,DupiS1,Dupi,20,0,5,,
251030_Dupi_NMH_DB_1,DupiS1,Dupi,21,0,5,,
251030_Dupi_NMH_DB_1,DupiS1,Dupi,22,0,5,,
251030_Dupi_NMH_DB_1,DupiS1,Dupi,23,0,5,,
251030_Dupi_NMH_DB_1,DupiS1,Dupi,24,0,5,,
251030_Dupi_NMH_DB_1,DupiS1,Dupi,25,0,5,,
251030_Dupi_NMH_DB_1,DupiS1,Dupi,26,0,5,,
251030_Dupi_NMH_DB_1,DupiS1,Dupi,27,0,5,,
251030_Dupi_NMH_DB_1,DupiS1,Dupi,28,0,5,,
251030_Dupi_NMH_DB_1,DupiS1,Dupi,29,0,5,,
251030_Dupi_NMH_DB_1,DupiS1,Dupi,30,0,5,,
251030_Dupi_NMH_DB_1,DupiS1,Dupi,31,0,5,,
251030_Dupi_NMH_DB_1,DupiS1,Dupi,32,0,5,,
251030_Dupi_NMH_DB_1,DupiS1,Dupi,33,0,5,,
251030_Dupi_NMH_DB_1,DupiS1,Dupi,34,0,5,,
251030_Dupi_NMH_DB_1,DupiS1,Dupi,35,0,5,,
251030_Dupi_NMH_DB_1,DupiS1,Dupi,36,0,5,,
251030_Dupi_NMH_DB_1,DupiS1,Dupi,37,0,5,,
251030_Dupi_NMH_DB_1,DupiS1,Dupi,38,0,5,NaN,0
250818_Dupi_NMH_JH_3,DupiS3,Dupi,1,1,5,0.927313174467268,1
250818_Dupi_NMH_JH_3,DupiS3,Dupi,2,1,5,0.738882576022623,1
250818_Dupi_NMH_JH_3,DupiS3,Dupi,3,1,5,-0.103928431789859,1
250818_Dupi_NMH_JH_3,DupiS3,Dupi,4,1,5,0.985838035883593,1
250818_Dupi_NMH_JH_3,DupiS3,Dupi,5,1,5,0.49786011658265,1
250818_Dupi_NMH_JH_3,DupiS3,Dupi,6,1,5,0.958350837728987,1
250818_Dupi_NMH_JH_3,DupiS3,Dupi,7,1,5,0.858311134775542,1
250818_Dupi_NMH_JH_3,DupiS3,Dupi,8,1,5,0.372327928371984,1
250818_Dupi_NMH_JH_3,DupiS3,Dupi,9,1,5,-0.230360943565147,1
250818_Dupi_NMH_JH_3,DupiS3,Dupi,10,1,5,0.0946283504612922,1
250818_Dupi_NMH_JH_3,DupiS3,Dupi,11,1,5,0.960124743021985,1
250818_Dupi_NMH_JH_3,DupiS3,Dupi,12,1,5,0.948120216876181,1
250818_Dupi_NMH_JH_3,DupiS3,Dupi,13,1,5,-0.301640803752977,1
250818_Dupi_NMH_JH_3,DupiS3,Dupi,14,1,5,-0.656988731565865,1
250818_Dupi_NMH_JH_3,DupiS3,Dupi,15,1,5,-0.0364862985294107,1
250818_Dupi_NMH_JH_3,DupiS3,Dupi,16,1,5,0.746192794485586,1
250818_Dupi_NMH_JH_3,DupiS3,Dupi,17,1,5,0.973201503415799,1
250818_Dupi_NMH_JH_3,DupiS3,Dupi,18,1,5,0.0231022060168998,1
250818_Dupi_NMH_JH_3,DupiS3,Dupi,19,1,5,0.953436939490732,1
250818_Dupi_NMH_JH_3,DupiS3,Dupi,20,1,5,0.28030992692269,1
250818_Dupi_NMH_JH_3,DupiS3,Dupi,21,1,5,0.72908208213954,1
250818_Dupi_NMH_JH_3,DupiS3,Dupi,22,1,5,0.546562240584261,1
250818_Dupi_NMH_JH_3,DupiS3,Dupi,23,1,5,0.837866508811483,1
250818_Dupi_NMH_JH_3,DupiS3,Dupi,24,1,5,0.379524345180144,1
250818_Dupi_NMH_JH_3,DupiS3,Dupi,25,1,5,0.679636761282493,1
250818_Dupi_NMH_JH_3,DupiS3,Dupi,26,1,5,0.801017420456724,1
250818_Dupi_NMH_JH_3,DupiS3,Dupi,27,1,5,0.76059070047842,1
250818_Dupi_NMH_JH_3,DupiS3,Dupi,28,1,5,0.620357961849441,1
250818_Dupi_NMH_JH_3,DupiS3,Dupi,29,1,5,0.507423549474097,1
250818_Dupi_NMH_JH_3,DupiS3,Dupi,30,1,5,0.301868410231132,1
250818_Dupi_NMH_JH_3,DupiS3,Dupi,31,1,5,0.900799677447156,1
250818_Dupi_NMH_JH_3,DupiS3,Dupi,32,1,5,0.55881638863932,1
250818_Dupi_NMH_JH_3,DupiS3,Dupi,33,1,5,0.678557190726591,1
250818_Dupi_NMH_JH_3,DupiS3,Dupi,34,1,5,0.468660674119264,1
250818_Dupi_NMH_JH_3,DupiS3,Dupi,35,1,5,0.738968183987346,1
250818_Dupi_NMH_JH_3,DupiS3,Dupi,36,1,5,0.91725256247113,1
250818_Dupi_NMH_JH_3,DupiS3,Dupi,37,1,5,0.970300674508501,1
250818_Dupi_NMH_JH_3,DupiS3,Dupi,38,1,5,0.0143837987418481,1
250818_Dupi_NMH_JH_3,DupiS3,Dupi,39,1,5,0.901451864785594,1
251120_Dupi_NMH_JL_1,DupiS1,Dupi,1,1,5,0.98530909109404,1
251120_Dupi_NMH_JL_1,DupiS1,Dupi,2,1,5,0.990497403855319,1
251120_Dupi_NMH_JL_1,DupiS1,Dupi,3,1,5,0.996652908437001,1
251120_Dupi_NMH_JL_1,DupiS1,Dupi,4,1,5,0.994541000175208,1
251120_Dupi_NMH_JL_1,DupiS1,Dupi,5,1,5,0.987379106965171,1
251120_Dupi_NMH_JL_1,DupiS1,Dupi,6,1,5,0.993806658354996,1
251120_Dupi_NMH_JL_1,DupiS1,Dupi,7,1,5,0.774484026294489,1
251120_Dupi_NMH_JL_1,DupiS1,Dupi,8,1,5,0.999324546215593,1
251120_Dupi_NMH_JL_1,DupiS1,Dupi,9,1,5,0.930963181841515,1
251120_Dupi_NMH_JL_1,DupiS1,Dupi,10,1,5,0.966286658291603,1
251120_Dupi_NMH_JL_1,DupiS1,Dupi,11,1,5,0.994540741675668,1
251120_Dupi_NMH_JL_1,DupiS1,Dupi,12,1,5,0.975964993436645,1
251120_Dupi_NMH_JL_1,DupiS1,Dupi,13,1,5,0.98780348379787,1
251120_Dupi_NMH_JL_1,DupiS1,Dupi,14,1,5,0.993269190972927,1
251120_Dupi_NMH_JL_1,DupiS1,Dupi,15,1,5,0.995903406011193,1
251120_Dupi_NMH_JL_1,DupiS1,Dupi,16,1,5,0.998761960495419,1
251120_Dupi_NMH_JL_1,DupiS1,Dupi,17,1,5,0.999668553961304,1
251120_Dupi_NMH_JL_1,DupiS1,Dupi,18,1,5,0.970972597691186,1
251120_Dupi_NMH_JL_1,DupiS1,Dupi,19,1,5,0.992817184514877,1
251120_Dupi_NMH_JL_1,DupiS1,Dupi,20,1,5,0.988283175811495,1
251120_Dupi_NMH_JL_1,DupiS1,Dupi,21,1,5,0.999783619648271,1
251120_Dupi_NMH_JL_1,DupiS1,Dupi,22,1,5,0.997896739559167,1
251120_Dupi_NMH_JL_1,DupiS1,Dupi,23,1,5,0.954874148316395,1
251120_Dupi_NMH_JL_1,DupiS1,Dupi,24,1,5,0.978491553855171,1
251120_Dupi_NMH_JL_1,DupiS1,Dupi,25,1,5,0.998369241101952,1
251120_Dupi_NMH_JL_1,DupiS1,Dupi,26,1,5,0.938409486685024,1
251120_Dupi_NMH_JL_1,DupiS1,Dupi,27,1,5,0.995840970844575,1
251120_Dupi_NMH_JL_1,DupiS1,Dupi,28,1,5,0.977627448406693,1
251120_Dupi_NMH_JL_1,DupiS1,Dupi,29,1,5,0.994511960245824,1
251120_Dupi_NMH_JL_1,DupiS1,Dupi,30,1,5,0.99483902253783,1
251120_Dupi_NMH_JL_1,DupiS1,Dupi,31,1,5,0.975704246854079,1
251120_Dupi_NMH_JL_1,DupiS1,Dupi,32,1,5,0.33925979684712,1
251120_Dupi_NMH_JL_1,DupiS1,Dupi,33,1,5,0.965215124808331,1
251120_Dupi_NMH_JL_1,DupiS1,Dupi,34,1,5,0.940769885068569,1
251120_Dupi_NMH_JL_1,DupiS1,Dupi,35,1,5,0.998619925379002,1
251120_Dupi_NMH_JL_1,DupiS1,Dupi,36,1,5,0.983936105159052,1
251120_Dupi_NMH_JL_1,DupiS1,Dupi,37,1,5,0.9813448285497,1
251120_Dupi_NMH_JL_1,DupiS1,Dupi,38,1,5,0.930742843773507,1
251120_Dupi_NMH_JL_1,DupiS1,Dupi,39,1,5,0.998710638737694,1
251120_Dupi_NMH_JL_1,DupiS1,Dupi,40,1,5,0.997614064833902,1
251110_Dupi_NMH_PC_2,DupiS2,Dupi,1,1,2,1,1
251110_Dupi_NMH_PC_2,DupiS2,Dupi,2,1,2,1,1
251110_Dupi_NMH_PC_2,DupiS2,Dupi,3,1,2,-1,1
251110_Dupi_NMH_PC_2,DupiS2,Dupi,4,1,2,1,1
251110_Dupi_NMH_PC_2,DupiS2,Dupi,5,1,2,1,1
251110_Dupi_NMH_PC_2,DupiS2,Dupi,6,1,2,1,1
251110_Dupi_NMH_PC_2,DupiS2,Dupi,7,1,2,-1,1
251110_Dupi_NMH_PC_2,DupiS2,Dupi,8,1,2,1,1
251110_Dupi_NMH_PC_2,DupiS2,Dupi,9,1,2,1,1
251110_Dupi_NMH_PC_2,DupiS2,Dupi,10,1,2,-1,1
251110_Dupi_NMH_PC_2,DupiS2,Dupi,11,1,2,1,1
251110_Dupi_NMH_PC_2,DupiS2,Dupi,12,1,2,1,1
251110_Dupi_NMH_PC_2,DupiS2,Dupi,13,1,2,1,1
251110_Dupi_NMH_PC_2,DupiS2,Dupi,14,1,2,1,1
251110_Dupi_NMH_PC_2,DupiS2,Dupi,15,1,2,1,1
251110_Dupi_NMH_PC_2,DupiS2,Dupi,16,1,2,1,1
251110_Dupi_NMH_PC_2,DupiS2,Dupi,17,1,2,1,1
251110_Dupi_NMH_PC_2,DupiS2,Dupi,18,1,2,1,1
251110_Dupi_NMH_PC_2,DupiS2,Dupi,19,1,2,1,1
251110_Dupi_NMH_PC_2,DupiS2,Dupi,20,1,2,1,1
251110_Dupi_NMH_PC_2,DupiS2,Dupi,21,1,2,1,1
251110_Dupi_NMH_PC_2,DupiS2,Dupi,22,1,2,1,1
251110_Dupi_NMH_PC_2,DupiS2,Dupi,23,1,2,-1,1
251110_Dupi_NMH_PC_2,DupiS2,Dupi,24,1,2,1,1
251110_Dupi_NMH_PC_2,DupiS2,Dupi,25,1,2,1,1
251110_Dupi_NMH_PC_2,DupiS2,Dupi,26,1,2,1,1
251110_Dupi_NMH_PC_2,DupiS2,Dupi,27,1,2,1,1
251110_Dupi_NMH_PC_2,DupiS2,Dupi,28,1,2,-1,1
251110_Dupi_NMH_PC_2,DupiS2,Dupi,29,1,2,1,1
251110_Dupi_NMH_PC_2,DupiS2,Dupi,30,1,2,1,1
251110_Dupi_NMH_PC_2,DupiS2,Dupi,31,1,2,1,1
251110_Dupi_NMH_PC_2,DupiS2,Dupi,32,1,2,-1,1
251110_Dupi_NMH_PC_2,DupiS2,Dupi,33,1,2,1,1
251110_Dupi_NMH_PC_2,DupiS2,Dupi,34,1,2,1,1
251110_Dupi_NMH_PC_2,DupiS2,Dupi,35,1,2,1,1
251110_Dupi_NMH_PC_2,DupiS2,Dupi,36,1,2,1,1
251110_Dupi_NMH_PC_2,DupiS2,Dupi,37,1,2,1,1
251110_Dupi_NMH_PC_2,DupiS2,Dupi,38,1,2,1,1
251110_Dupi_NMH_PC_2,DupiS2,Dupi,39,1,2,1,1
251030_Dupi_NMH_DB_2,DupiS2,Dupi,1,1,2,-1,1
251030_Dupi_NMH_DB_2,DupiS2,Dupi,2,1,2,-1,1
251030_Dupi_NMH_DB_2,DupiS2,Dupi,3,1,2,-1,1
251030_Dupi_NMH_DB_2,DupiS2,Dupi,4,1,2,1,1
251030_Dupi_NMH_DB_2,DupiS2,Dupi,5,1,2,1,1
251030_Dupi_NMH_DB_2,DupiS2,Dupi,6,1,2,1,1
251030_Dupi_NMH_DB_2,DupiS2,Dupi,7,1,2,-1,1
251030_Dupi_NMH_DB_2,DupiS2,Dupi,8,1,2,-1,1
251030_Dupi_NMH_DB_2,DupiS2,Dupi,9,1,2,-1,1
251030_Dupi_NMH_DB_2,DupiS2,Dupi,10,1,2,-1,1
251030_Dupi_NMH_DB_2,DupiS2,Dupi,11,1,2,1,1
251030_Dupi_NMH_DB_2,DupiS2,Dupi,12,1,2,1,1
251030_Dupi_NMH_DB_2,DupiS2,Dupi,13,1,2,1,1
251030_Dupi_NMH_DB_2,DupiS2,Dupi,14,1,2,1,1
251030_Dupi_NMH_DB_2,DupiS2,Dupi,15,1,2,-1,1
251030_Dupi_NMH_DB_2,DupiS2,Dupi,16,1,2,1,1
251030_Dupi_NMH_DB_2,DupiS2,Dupi,17,1,2,1,1
251030_Dupi_NMH_DB_2,DupiS2,Dupi,18,1,2,1,1
251030_Dupi_NMH_DB_2,DupiS2,Dupi,19,1,2,-1,1
251030_Dupi_NMH_DB_2,DupiS2,Dupi,20,1,2,1,1
251030_Dupi_NMH_DB_2,DupiS2,Dupi,21,1,2,1,1
251030_Dupi_NMH_DB_2,DupiS2,Dupi,22,1,2,1,1
251030_Dupi_NMH_DB_2,DupiS2,Dupi,23,1,2,-1,1
251030_Dupi_NMH_DB_2,DupiS2,Dupi,24,1,2,1,1
251030_Dupi_NMH_DB_2,DupiS2,Dupi,25,1,2,1,1
251030_Dupi_NMH_DB_2,DupiS2,Dupi,26,1,2,1,1
251030_Dupi_NMH_DB_2,DupiS2,Dupi,27,1,2,1,1
251030_Dupi_NMH_DB_2,DupiS2,Dupi,28,1,2,1,1
251030_Dupi_NMH_DB_2,DupiS2,Dupi,29,1,2,1,1
251030_Dupi_NMH_DB_2,DupiS2,Dupi,30,1,2,1,1
251030_Dupi_NMH_DB_2,DupiS2,Dupi,31,1,2,-1,1
251030_Dupi_NMH_DB_2,DupiS2,Dupi,32,1,2,1,1
251030_Dupi_NMH_DB_2,DupiS2,Dupi,33,1,2,1,1
251030_Dupi_NMH_DB_2,DupiS2,Dupi,34,1,2,1,1
251030_Dupi_NMH_DB_2,DupiS2,Dupi,35,1,2,1,1
251030_Dupi_NMH_DB_2,DupiS2,Dupi,36,1,2,1,1
251030_Dupi_NMH_DB_2,DupiS2,Dupi,37,1,2,1,1
251120_Dupi_NMH_JL_2,DupiS2,Dupi,1,0,5,,
251120_Dupi_NMH_JL_2,DupiS2,Dupi,2,0,5,,
251120_Dupi_NMH_JL_2,DupiS2,Dupi,3,0,5,,
251120_Dupi_NMH_JL_2,DupiS2,Dupi,4,0,5,,
251120_Dupi_NMH_JL_2,DupiS2,Dupi,5,0,5,,
251120_Dupi_NMH_JL_2,DupiS2,Dupi,6,0,5,,
251120_Dupi_NMH_JL_2,DupiS2,Dupi,7,0,5,,
251120_Dupi_NMH_JL_2,DupiS2,Dupi,8,0,5,,
251120_Dupi_NMH_JL_2,DupiS2,Dupi,9,0,5,,
251120_Dupi_NMH_JL_2,DupiS2,Dupi,10,0,5,,
251120_Dupi_NMH_JL_2,DupiS2,Dupi,11,0,5,,
251120_Dupi_NMH_JL_2,DupiS2,Dupi,12,0,5,,
251120_Dupi_NMH_JL_2,DupiS2,Dupi,13,0,5,,
251120_Dupi_NMH_JL_2,DupiS2,Dupi,14,0,5,,
251120_Dupi_NMH_JL_2,DupiS2,Dupi,15,0,5,,
251120_Dupi_NMH_JL_2,DupiS2,Dupi,16,0,5,,
251120_Dupi_NMH_JL_2,DupiS2,Dupi,17,0,5,,
251120_Dupi_NMH_JL_2,DupiS2,Dupi,18,0,5,,
251120_Dupi_NMH_JL_2,DupiS2,Dupi,19,0,5,,
251120_Dupi_NMH_JL_2,DupiS2,Dupi,20,0,5,,
251120_Dupi_NMH_JL_2,DupiS2,Dupi,21,0,5,,
251120_Dupi_NMH_JL_2,DupiS2,Dupi,22,0,5,,
251120_Dupi_NMH_JL_2,DupiS2,Dupi,23,0,5,,
251120_Dupi_NMH_JL_2,DupiS2,Dupi,24,0,5,,
251120_Dupi_NMH_JL_2,DupiS2,Dupi,25,0,5,,
251120_Dupi_NMH_JL_2,DupiS2,Dupi,26,0,5,,
251120_Dupi_NMH_JL_2,DupiS2,Dupi,27,0,5,,
251120_Dupi_NMH_JL_2,DupiS2,Dupi,28,0,5,,
251120_Dupi_NMH_JL_2,DupiS2,Dupi,29,0,5,,
251120_Dupi_NMH_JL_2,DupiS2,Dupi,30,0,5,,
251120_Dupi_NMH_JL_2,DupiS2,Dupi,31,0,5,,
251120_Dupi_NMH_JL_2,DupiS2,Dupi,32,0,5,,
251120_Dupi_NMH_JL_2,DupiS2,Dupi,33,0,5,,
251120_Dupi_NMH_JL_2,DupiS2,Dupi,34,0,5,,
251120_Dupi_NMH_JL_2,DupiS2,Dupi,35,0,5,,
251120_Dupi_NMH_JL_2,DupiS2,Dupi,36,0,5,,
251120_Dupi_NMH_JL_2,DupiS2,Dupi,37,0,5,,
251120_Dupi_NMH_JL_2,DupiS2,Dupi,38,0,5,,
251120_Dupi_NMH_JL_2,DupiS2,Dupi,39,0,5,NaN,0
250811_Dupi_NMH_TB_3,DupiS3,Dupi,1,1,5,0.000519259036865198,1
250811_Dupi_NMH_TB_3,DupiS3,Dupi,2,1,5,0.435630057067358,1
250811_Dupi_NMH_TB_3,DupiS3,Dupi,3,1,5,0.851173063522371,1
250811_Dupi_NMH_TB_3,DupiS3,Dupi,4,1,5,-0.248253343913874,1
250811_Dupi_NMH_TB_3,DupiS3,Dupi,5,1,5,0.952876816125694,1
250811_Dupi_NMH_TB_3,DupiS3,Dupi,6,1,5,-0.0238421102520076,1
250811_Dupi_NMH_TB_3,DupiS3,Dupi,7,1,5,0.987119187348923,1
250811_Dupi_NMH_TB_3,DupiS3,Dupi,8,1,5,0.833676992861309,1
250811_Dupi_NMH_TB_3,DupiS3,Dupi,9,1,5,0.823450616885424,1
250811_Dupi_NMH_TB_3,DupiS3,Dupi,10,1,5,0.986091886239961,1
250811_Dupi_NMH_TB_3,DupiS3,Dupi,11,1,5,0.926535642772345,1
250811_Dupi_NMH_TB_3,DupiS3,Dupi,12,1,5,0.975660237353124,1
250811_Dupi_NMH_TB_3,DupiS3,Dupi,13,1,5,0.282764401151721,1
250811_Dupi_NMH_TB_3,DupiS3,Dupi,14,1,5,0.824238557739996,1
250811_Dupi_NMH_TB_3,DupiS3,Dupi,15,1,5,0.804775541932249,1
250811_Dupi_NMH_TB_3,DupiS3,Dupi,16,1,5,0.055481980045723,1
250811_Dupi_NMH_TB_3,DupiS3,Dupi,17,1,5,0.993832263291596,1
250811_Dupi_NMH_TB_3,DupiS3,Dupi,18,1,5,0.670416125576936,1
250811_Dupi_NMH_TB_3,DupiS3,Dupi,19,1,5,0.833366164812922,1
250811_Dupi_NMH_TB_3,DupiS3,Dupi,20,1,5,0.86377822883221,1
250811_Dupi_NMH_TB_3,DupiS3,Dupi,21,1,5,0.217605087588595,1
250811_Dupi_NMH_TB_3,DupiS3,Dupi,22,1,5,-0.458490134578581,1
250811_Dupi_NMH_TB_3,DupiS3,Dupi,23,1,5,0.313085802364062,1
250811_Dupi_NMH_TB_3,DupiS3,Dupi,24,1,5,0.332279479514746,1
250811_Dupi_NMH_TB_3,DupiS3,Dupi,25,1,5,0.846016142634401,1
250811_Dupi_NMH_TB_3,DupiS3,Dupi,26,1,5,0.749368096839065,1
250811_Dupi_NMH_TB_3,DupiS3,Dupi,27,1,5,0.967945525475126,1
250811_Dupi_NMH_TB_3,DupiS3,Dupi,28,1,5,0.960181653148106,1
250811_Dupi_NMH_TB_3,DupiS3,Dupi,29,1,5,0.959295919183021,1
250811_Dupi_NMH_TB_3,DupiS3,Dupi,30,1,5,0.987714825958787,1
250811_Dupi_NMH_TB_3,DupiS3,Dupi,31,1,5,0.983977572988586,1
250811_Dupi_NMH_TB_3,DupiS3,Dupi,32,1,5,0.406185006084341,1
250929_Dupi_NMH_GH_3,DupiS3,Dupi,1,1,3,0.974741799649008,1
250929_Dupi_NMH_GH_3,DupiS3,Dupi,2,1,3,0.993857293954737,1
250929_Dupi_NMH_GH_3,DupiS3,Dupi,3,1,3,0.949018536122164,1
250929_Dupi_NMH_GH_3,DupiS3,Dupi,4,1,3,-0.857758614287141,1
250929_Dupi_NMH_GH_3,DupiS3,Dupi,5,1,3,-0.051655987553357,1
250929_Dupi_NMH_GH_3,DupiS3,Dupi,6,1,3,0.789394824198664,1
250929_Dupi_NMH_GH_3,DupiS3,Dupi,7,1,3,0.858987997193568,1
250929_Dupi_NMH_GH_3,DupiS3,Dupi,8,1,3,0.93943838259175,1
250929_Dupi_NMH_GH_3,DupiS3,Dupi,9,1,3,0.959308730867205,1
250929_Dupi_NMH_GH_3,DupiS3,Dupi,10,1,3,0.979113423958511,1
250929_Dupi_NMH_GH_3,DupiS3,Dupi,11,1,3,-0.0654960755699739,1
250929_Dupi_NMH_GH_3,DupiS3,Dupi,12,1,3,-0.987762890815607,1
250929_Dupi_NMH_GH_3,DupiS3,Dupi,13,1,3,0.931864750840996,1
250929_Dupi_NMH_GH_3,DupiS3,Dupi,14,1,3,0.129724411171616,1
250929_Dupi_NMH_GH_3,DupiS3,Dupi,15,1,3,0.999988804760974,1
250929_Dupi_NMH_GH_3,DupiS3,Dupi,16,1,3,-0.72364730934911,1
250929_Dupi_NMH_GH_3,DupiS3,Dupi,17,1,3,0.986227809105943,1
250929_Dupi_NMH_GH_3,DupiS3,Dupi,18,1,3,0.950450667303313,1
250929_Dupi_NMH_GH_3,DupiS3,Dupi,19,1,3,0.540088833581949,1
250929_Dupi_NMH_GH_3,DupiS3,Dupi,20,1,3,0.995055684797916,1
250929_Dupi_NMH_GH_3,DupiS3,Dupi,21,1,3,0.944471583447513,1
250929_Dupi_NMH_GH_3,DupiS3,Dupi,22,1,3,0.958945939250079,1
250929_Dupi_NMH_GH_3,DupiS3,Dupi,23,1,3,0.998905535113117,1
250929_Dupi_NMH_GH_3,DupiS3,Dupi,24,1,3,-0.998662000637449,1
250929_Dupi_NMH_GH_3,DupiS3,Dupi,25,1,3,-0.825642502508877,1
250929_Dupi_NMH_GH_3,DupiS3,Dupi,26,1,3,-0.254143319053474,1
250929_Dupi_NMH_GH_3,DupiS3,Dupi,27,1,3,0.778475871307283,1
250929_Dupi_NMH_GH_3,DupiS3,Dupi,28,1,3,-0.595421556011193,1
250929_Dupi_NMH_GH_3,DupiS3,Dupi,29,1,3,0.458658959193831,1
250929_Dupi_NMH_GH_3,DupiS3,Dupi,30,1,3,0.750426981575367,1
250929_Dupi_NMH_GH_3,DupiS3,Dupi,31,1,3,0.879309221659678,1
250929_Dupi_NMH_GH_3,DupiS3,Dupi,32,1,3,-0.998324309924768,1
250929_Dupi_NMH_GH_3,DupiS3,Dupi,33,1,3,0.999833316948427,1
250929_Dupi_NMH_GH_3,DupiS3,Dupi,34,1,3,0.982079415904652,1
250929_Dupi_NMH_GH_3,DupiS3,Dupi,35,1,3,0.999523421119799,1
250929_Dupi_NMH_GH_3,DupiS3,Dupi,36,1,3,-0.983947921489021,1
250929_Dupi_NMH_GH_3,DupiS3,Dupi,37,1,3,0.915064208810268,1
250929_Dupi_NMH_GH_3,DupiS3,Dupi,38,1,3,0.80349002373194,1
250929_Dupi_NMH_GH_3,DupiS3,Dupi,39,1,3,0.990741357022802,1
250929_Dupi_NMH_GH_3,DupiS3,Dupi,40,1,3,0.999606031633762,1
251002_Dupi_NMH_AB_3,DupiS3,Dupi,1,0,1,,
251002_Dupi_NMH_AB_3,DupiS3,Dupi,2,0,1,,
251002_Dupi_NMH_AB_3,DupiS3,Dupi,3,0,1,,
251002_Dupi_NMH_AB_3,DupiS3,Dupi,4,0,1,,
251002_Dupi_NMH_AB_3,DupiS3,Dupi,5,0,1,,
251002_Dupi_NMH_AB_3,DupiS3,Dupi,6,0,1,,
251002_Dupi_NMH_AB_3,DupiS3,Dupi,7,0,1,,
251002_Dupi_NMH_AB_3,DupiS3,Dupi,8,0,1,,
251002_Dupi_NMH_AB_3,DupiS3,Dupi,9,0,1,,
251002_Dupi_NMH_AB_3,DupiS3,Dupi,10,0,1,,
251002_Dupi_NMH_AB_3,DupiS3,Dupi,11,0,1,,
251002_Dupi_NMH_AB_3,DupiS3,Dupi,12,0,1,,
251002_Dupi_NMH_AB_3,DupiS3,Dupi,13,0,1,,
251002_Dupi_NMH_AB_3,DupiS3,Dupi,14,0,1,,
251002_Dupi_NMH_AB_3,DupiS3,Dupi,15,0,1,,
251002_Dupi_NMH_AB_3,DupiS3,Dupi,16,0,1,,
251002_Dupi_NMH_AB_3,DupiS3,Dupi,17,0,1,,
251002_Dupi_NMH_AB_3,DupiS3,Dupi,18,0,1,,
251002_Dupi_NMH_AB_3,DupiS3,Dupi,19,0,1,,
251002_Dupi_NMH_AB_3,DupiS3,Dupi,20,0,1,,
251002_Dupi_NMH_AB_3,DupiS3,Dupi,21,0,1,,
251002_Dupi_NMH_AB_3,DupiS3,Dupi,22,0,1,,
251002_Dupi_NMH_AB_3,DupiS3,Dupi,23,0,1,,
251002_Dupi_NMH_AB_3,DupiS3,Dupi,24,0,1,,
251002_Dupi_NMH_AB_3,DupiS3,Dupi,25,0,1,,
251002_Dupi_NMH_AB_3,DupiS3,Dupi,26,0,1,,
251002_Dupi_NMH_AB_3,DupiS3,Dupi,27,0,1,,
251002_Dupi_NMH_AB_3,DupiS3,Dupi,28,0,1,,
251002_Dupi_NMH_AB_3,DupiS3,Dupi,29,0,1,,
251002_Dupi_NMH_AB_3,DupiS3,Dupi,30,0,1,,
251002_Dupi_NMH_AB_3,DupiS3,Dupi,31,0,1,,
251002_Dupi_NMH_AB_3,DupiS3,Dupi,32,0,1,,
251002_Dupi_NMH_AB_3,DupiS3,Dupi,33,0,1,,
251002_Dupi_NMH_AB_3,DupiS3,Dupi,34,0,1,,
251002_Dupi_NMH_AB_3,DupiS3,Dupi,35,0,1,,
251002_Dupi_NMH_AB_3,DupiS3,Dupi,36,0,1,,
251002_Dupi_NMH_AB_3,DupiS3,Dupi,37,0,1,,
251002_Dupi_NMH_AB_3,DupiS3,Dupi,38,0,1,,
251002_Dupi_NMH_AB_3,DupiS3,Dupi,39,0,1,NaN,0
251013_Dupi_NMH_JN_3,DupiS3,Dupi,1,0,5,,
251013_Dupi_NMH_JN_3,DupiS3,Dupi,2,0,5,,
251013_Dupi_NMH_JN_3,DupiS3,Dupi,3,0,5,,
251013_Dupi_NMH_JN_3,DupiS3,Dupi,4,0,5,,
251013_Dupi_NMH_JN_3,DupiS3,Dupi,5,0,5,,
251013_Dupi_NMH_JN_3,DupiS3,Dupi,6,0,5,,
251013_Dupi_NMH_JN_3,DupiS3,Dupi,7,0,5,,
251013_Dupi_NMH_JN_3,DupiS3,Dupi,8,0,5,,
251013_Dupi_NMH_JN_3,DupiS3,Dupi,9,0,5,,
251013_Dupi_NMH_JN_3,DupiS3,Dupi,10,0,5,,
251013_Dupi_NMH_JN_3,DupiS3,Dupi,11,0,5,,
251013_Dupi_NMH_JN_3,DupiS3,Dupi,12,0,5,,
251013_Dupi_NMH_JN_3,DupiS3,Dupi,13,0,5,,
251013_Dupi_NMH_JN_3,DupiS3,Dupi,14,0,5,,
251013_Dupi_NMH_JN_3,DupiS3,Dupi,15,0,5,,
251013_Dupi_NMH_JN_3,DupiS3,Dupi,16,0,5,,
251013_Dupi_NMH_JN_3,DupiS3,Dupi,17,0,5,,
251013_Dupi_NMH_JN_3,DupiS3,Dupi,18,0,5,,
251013_Dupi_NMH_JN_3,DupiS3,Dupi,19,0,5,,
251013_Dupi_NMH_JN_3,DupiS3,Dupi,20,0,5,,
251013_Dupi_NMH_JN_3,DupiS3,Dupi,21,0,5,,
251013_Dupi_NMH_JN_3,DupiS3,Dupi,22,0,5,,
251013_Dupi_NMH_JN_3,DupiS3,Dupi,23,0,5,,
251013_Dupi_NMH_JN_3,DupiS3,Dupi,24,0,5,,
251013_Dupi_NMH_JN_3,DupiS3,Dupi,25,0,5,,
251013_Dupi_NMH_JN_3,DupiS3,Dupi,26,0,5,,
251013_Dupi_NMH_JN_3,DupiS3,Dupi,27,0,5,,
251013_Dupi_NMH_JN_3,DupiS3,Dupi,28,0,5,,
251013_Dupi_NMH_JN_3,DupiS3,Dupi,29,0,5,,
251013_Dupi_NMH_JN_3,DupiS3,Dupi,30,0,5,,
251013_Dupi_NMH_JN_3,DupiS3,Dupi,31,0,5,,
251013_Dupi_NMH_JN_3,DupiS3,Dupi,32,0,5,,
251013_Dupi_NMH_JN_3,DupiS3,Dupi,33,0,5,,
251013_Dupi_NMH_JN_3,DupiS3,Dupi,34,0,5,,
251013_Dupi_NMH_JN_3,DupiS3,Dupi,35,0,5,,
251013_Dupi_NMH_JN_3,DupiS3,Dupi,36,0,5,,
251013_Dupi_NMH_JN_3,DupiS3,Dupi,37,0,5,,
251013_Dupi_NMH_JN_3,DupiS3,Dupi,38,0,5,,
251013_Dupi_NMH_JN_3,DupiS3,Dupi,39,0,5,,
251013_Dupi_NMH_JN_3,DupiS3,Dupi,40,0,5,NaN,0
260406_Dupi_NMH_BS_1,DupiS1,Dupi,1,1,5,0.759162377824541,1
260406_Dupi_NMH_BS_1,DupiS1,Dupi,2,1,5,0.418319799086571,1
260406_Dupi_NMH_BS_1,DupiS1,Dupi,3,1,5,-0.123190401322032,1
260406_Dupi_NMH_BS_1,DupiS1,Dupi,4,1,5,0.840631568053164,1
260406_Dupi_NMH_BS_1,DupiS1,Dupi,5,1,5,0.171513437981999,1
260406_Dupi_NMH_BS_1,DupiS1,Dupi,6,1,5,-0.27757692445772,1
260406_Dupi_NMH_BS_1,DupiS1,Dupi,7,1,5,-0.57689452993408,1
260406_Dupi_NMH_BS_1,DupiS1,Dupi,8,1,5,0.777099614332628,1
260406_Dupi_NMH_BS_1,DupiS1,Dupi,9,1,5,0.177556018626169,1
260406_Dupi_NMH_BS_1,DupiS1,Dupi,10,1,5,0.514491974902528,1
260406_Dupi_NMH_BS_1,DupiS1,Dupi,11,1,5,0.766097681686223,1
260406_Dupi_NMH_BS_1,DupiS1,Dupi,12,1,5,0.841501742144854,1
260406_Dupi_NMH_BS_1,DupiS1,Dupi,13,1,5,0.849695324723388,1
260406_Dupi_NMH_BS_1,DupiS1,Dupi,14,1,5,0.707738673739836,1
260406_Dupi_NMH_BS_1,DupiS1,Dupi,15,1,5,-0.338729761782416,1
260406_Dupi_NMH_BS_1,DupiS1,Dupi,16,1,5,0.277430809251807,1
260406_Dupi_NMH_BS_1,DupiS1,Dupi,17,1,5,-0.336510212286529,1
260406_Dupi_NMH_BS_1,DupiS1,Dupi,18,1,5,0.969500802009714,1
260406_Dupi_NMH_BS_1,DupiS1,Dupi,19,1,5,-0.737642674606624,1
260406_Dupi_NMH_BS_1,DupiS1,Dupi,20,1,5,0.231656272924111,1
260406_Dupi_NMH_BS_1,DupiS1,Dupi,21,1,5,0.312009780519971,1
260406_Dupi_NMH_BS_1,DupiS1,Dupi,22,1,5,-0.306213399921706,1
260406_Dupi_NMH_BS_1,DupiS1,Dupi,23,1,5,0.551796107607353,1
260406_Dupi_NMH_BS_1,DupiS1,Dupi,24,1,5,0.71476974808403,1
260406_Dupi_NMH_BS_1,DupiS1,Dupi,25,1,5,0.289651814185154,1
260406_Dupi_NMH_BS_1,DupiS1,Dupi,26,1,5,-0.238300813826175,1
260406_Dupi_NMH_BS_1,DupiS1,Dupi,27,1,5,0.234884129327977,1
260406_Dupi_NMH_BS_1,DupiS1,Dupi,28,1,5,0.167629165972943,1
260406_Dupi_NMH_BS_1,DupiS1,Dupi,29,1,5,-0.153037447588945,1
260406_Dupi_NMH_BS_1,DupiS1,Dupi,30,1,5,-0.567613937962893,1
260406_Dupi_NMH_BS_1,DupiS1,Dupi,31,1,5,0.487297854148348,1
260406_Dupi_NMH_BS_1,DupiS1,Dupi,32,1,5,0.570793951787018,1
260406_Dupi_NMH_BS_1,DupiS1,Dupi,33,1,5,0.623130228565612,1
260406_Dupi_NMH_BS_1,DupiS1,Dupi,34,1,5,0.911472500958015,1
260406_Dupi_NMH_BS_1,DupiS1,Dupi,35,1,5,-0.812559699895435,1
260406_Dupi_NMH_BS_1,DupiS1,Dupi,36,1,5,0.419530295973422,1
260406_Dupi_NMH_BS_1,DupiS1,Dupi,37,1,5,-0.211698737351382,1
260406_Dupi_NMH_BS_1,DupiS1,Dupi,38,1,5,-0.418607944112688,1
260406_Dupi_NMH_BS_1,DupiS1,Dupi,39,1,5,0.333386299076547,1
260406_Dupi_NMH_BS_1,DupiS1,Dupi,40,1,5,0.83640632514932,1
260316_Dupi_NMH_PD_1,DupiS1,Dupi,1,1,5,0.339773607775646,1
260316_Dupi_NMH_PD_1,DupiS1,Dupi,2,1,5,0.323361133911308,1
260316_Dupi_NMH_PD_1,DupiS1,Dupi,3,1,5,0.492216741763064,1
260316_Dupi_NMH_PD_1,DupiS1,Dupi,4,1,5,0.679879885641534,1
260316_Dupi_NMH_PD_1,DupiS1,Dupi,5,1,5,0.833729138793135,1
260316_Dupi_NMH_PD_1,DupiS1,Dupi,6,1,5,0.0434029053254767,1
260316_Dupi_NMH_PD_1,DupiS1,Dupi,7,1,5,0.928936047581688,1
260316_Dupi_NMH_PD_1,DupiS1,Dupi,8,1,5,-0.624103175032224,1
260316_Dupi_NMH_PD_1,DupiS1,Dupi,9,1,5,0.0635453212512063,1
260316_Dupi_NMH_PD_1,DupiS1,Dupi,10,1,5,0.774936451277953,1
260316_Dupi_NMH_PD_1,DupiS1,Dupi,11,1,5,0.977343073694009,1
260316_Dupi_NMH_PD_1,DupiS1,Dupi,12,1,5,-0.109290961738995,1
260316_Dupi_NMH_PD_1,DupiS1,Dupi,13,1,5,-0.0170612307992505,1
260316_Dupi_NMH_PD_1,DupiS1,Dupi,14,1,5,0.922157197942508,1
260316_Dupi_NMH_PD_1,DupiS1,Dupi,15,1,5,-0.0758555882286432,1
260316_Dupi_NMH_PD_1,DupiS1,Dupi,16,1,5,0.583037647403724,1
260316_Dupi_NMH_PD_1,DupiS1,Dupi,17,1,5,-0.122940524613836,1
260316_Dupi_NMH_PD_1,DupiS1,Dupi,18,1,5,-0.364215221228961,1
260316_Dupi_NMH_PD_1,DupiS1,Dupi,19,1,5,0.6425189655599,1
260316_Dupi_NMH_PD_1,DupiS1,Dupi,20,1,5,-0.0635748999167799,1
260316_Dupi_NMH_PD_1,DupiS1,Dupi,21,1,5,0.868186260713997,1
260316_Dupi_NMH_PD_1,DupiS1,Dupi,22,1,5,-0.392714684194445,1
260316_Dupi_NMH_PD_1,DupiS1,Dupi,23,1,5,0.583349845541753,1
260316_Dupi_NMH_PD_1,DupiS1,Dupi,24,1,5,-0.357857992463711,1
260316_Dupi_NMH_PD_1,DupiS1,Dupi,25,1,5,-0.245367962387013,1
260316_Dupi_NMH_PD_1,DupiS1,Dupi,26,1,5,0.658818423383388,1
260316_Dupi_NMH_PD_1,DupiS1,Dupi,27,1,5,0.717494243401761,1
260316_Dupi_NMH_PD_1,DupiS1,Dupi,28,1,5,0.850478873942355,1
260316_Dupi_NMH_PD_1,DupiS1,Dupi,29,1,5,0.0846634652902668,1
260316_Dupi_NMH_PD_1,DupiS1,Dupi,30,1,5,0.922161539594488,1
260316_Dupi_NMH_PD_1,DupiS1,Dupi,31,1,5,-0.306595077157637,1
260316_Dupi_NMH_PD_1,DupiS1,Dupi,32,1,5,0.575740367876757,1
260316_Dupi_NMH_PD_1,DupiS1,Dupi,33,1,5,0.745781181253682,1
260316_Dupi_NMH_PD_1,DupiS1,Dupi,34,1,5,0.697471525044753,1
260316_Dupi_NMH_PD_1,DupiS1,Dupi,35,1,5,0.204193503436032,1
260316_Dupi_NMH_PD_1,DupiS1,Dupi,36,1,5,-0.356114284727945,1
260316_Dupi_NMH_PD_1,DupiS1,Dupi,37,1,5,0.954125455404623,1
260316_Dupi_NMH_PD_1,DupiS1,Dupi,38,1,5,0.476962910735731,1
260316_Dupi_NMH_PD_1,DupiS1,Dupi,39,1,5,0.88332914049,1
260316_Dupi_NMH_PD_1,DupiS1,Dupi,40,1,5,-0.515235491166112,1
260326_OBE_NWU_AD_2,Control,OBE,1,1,5,0.422155768516637,1
260326_OBE_NWU_AD_2,Control,OBE,2,1,5,0.969210116578833,1
260326_OBE_NWU_AD_2,Control,OBE,3,1,5,0.35086765888725,1
260326_OBE_NWU_AD_2,Control,OBE,4,1,5,0.337329175827129,1
260326_OBE_NWU_AD_2,Control,OBE,5,1,5,0.980173218955267,1
260326_OBE_NWU_AD_2,Control,OBE,6,1,5,0.0975959381601544,1
260326_OBE_NWU_AD_2,Control,OBE,7,1,5,-0.161360724574684,1
260326_OBE_NWU_AD_2,Control,OBE,8,1,5,0.852308347255353,1
260326_OBE_NWU_AD_2,Control,OBE,9,1,5,0.65002381488188,1
260326_OBE_NWU_AD_2,Control,OBE,10,1,5,0.783708526143204,1
260326_OBE_NWU_AD_2,Control,OBE,11,1,5,0.930085407711198,1
260326_OBE_NWU_AD_2,Control,OBE,12,1,5,0.916731089179912,1
260326_OBE_NWU_AD_2,Control,OBE,13,1,5,-0.221753581191089,1
260326_OBE_NWU_AD_2,Control,OBE,14,1,5,0.518263128299182,1
260326_OBE_NWU_AD_2,Control,OBE,15,1,5,0.546803049920057,1
260326_OBE_NWU_AD_2,Control,OBE,16,1,5,0.686839428630381,1
260326_OBE_NWU_AD_2,Control,OBE,17,1,5,0.974160885534689,1
260326_OBE_NWU_AD_2,Control,OBE,18,1,5,0.873590045661878,1
260326_OBE_NWU_AD_2,Control,OBE,19,1,5,0.306621624318094,1
260326_OBE_NWU_AD_2,Control,OBE,20,1,5,0.905310324341851,1
260326_OBE_NWU_AD_2,Control,OBE,21,1,5,-0.0703230518353822,1
260326_OBE_NWU_AD_2,Control,OBE,22,1,5,0.602615077798391,1
260326_OBE_NWU_AD_2,Control,OBE,23,1,5,0.405089467963804,1
260326_OBE_NWU_AD_2,Control,OBE,24,1,5,0.440249577169503,1
260326_OBE_NWU_AD_2,Control,OBE,25,1,5,0.285460051577665,1
260326_OBE_NWU_AD_2,Control,OBE,26,1,5,0.403727741510745,1
260326_OBE_NWU_AD_2,Control,OBE,27,1,5,0.66270522603174,1
260326_OBE_NWU_AD_2,Control,OBE,28,1,5,0.837670432702522,1
260326_OBE_NWU_AD_2,Control,OBE,29,1,5,0.731444805875292,1
260326_OBE_NWU_AD_2,Control,OBE,30,1,5,0.843732329326973,1
260326_OBE_NWU_AD_2,Control,OBE,31,1,5,0.661563833079946,1
260326_OBE_NWU_AD_2,Control,OBE,32,1,5,0.794480608035091,1
260326_OBE_NWU_AD_2,Control,OBE,33,1,5,0.133481792014068,1
260326_OBE_NWU_AD_2,Control,OBE,34,1,5,-0.102262504494908,1
260326_OBE_NWU_AD_2,Control,OBE,35,1,5,0.952078875742729,1
260326_OBE_NWU_AD_2,Control,OBE,36,1,5,0.449431447938116,1
260326_OBE_NWU_AD_2,Control,OBE,37,1,5,0.974619322403959,1
260326_OBE_NWU_AD_2,Control,OBE,38,1,5,0.919313110633801,1
260326_OBE_NWU_AD_2,Control,OBE,39,1,5,0.992500750276285,1
260326_OBE_NWU_AD_2,Control,OBE,40,1,5,0.975790687092387,1
260326_OBE_NWU_AD_2,Control,OBE,41,1,5,0.64416501118417,1
260326_OBE_NWU_AD_2,Control,OBE,42,1,5,-0.224234265898932,1
260326_OBE_NWU_AD_2,Control,OBE,43,1,5,0.0164022306364563,1
260326_OBE_NWU_AD_2,Control,OBE,44,1,5,0.26648075031929,1
260326_OBE_NWU_AD_2,Control,OBE,45,1,5,0.680380687517647,1
260326_OBE_NWU_AD_2,Control,OBE,46,1,5,0.839437434788529,1
260326_OBE_NWU_AD_2,Control,OBE,47,1,5,0.341226090290484,1
260326_OBE_NWU_AD_2,Control,OBE,48,1,5,0.457620529888321,1
260326_OBE_NWU_AD_2,Control,OBE,49,1,5,-0.0526958423215858,1
260326_OBE_NWU_AD_2,Control,OBE,50,1,5,0.404085574915851,1
260326_OBE_NWU_AD_2,Control,OBE,51,1,5,0.975652167371416,1
260326_OBE_NWU_AD_2,Control,OBE,52,1,5,0.401768910379557,1
260326_OBE_NWU_AD_2,Control,OBE,53,1,5,0.354378048001211,1
260326_OBE_NWU_AD_2,Control,OBE,54,1,5,0.153235876062945,1
260326_OBE_NWU_AD_2,Control,OBE,55,1,5,0.344626996250052,1
260326_OBE_NWU_AD_2,Control,OBE,56,1,5,0.552843782622615,1
260326_OBE_NWU_AD_2,Control,OBE,57,1,5,0.161229058004844,1
260326_OBE_NWU_AD_2,Control,OBE,58,1,5,-0.0729103170691561,1
260326_OBE_NWU_AD_2,Control,OBE,59,1,5,0.0562232250545336,1
260326_OBE_NWU_AD_2,Control,OBE,60,1,5,0.440715105069057,1
260406_Dupi_NMH_BS_2,DupiS2,Dupi,1,1,4,0.998301362065978,1
260406_Dupi_NMH_BS_2,DupiS2,Dupi,2,1,4,0.979583324136105,1
260406_Dupi_NMH_BS_2,DupiS2,Dupi,3,1,4,0.983486507433681,1
260406_Dupi_NMH_BS_2,DupiS2,Dupi,4,1,4,0.980555510252597,1
260406_Dupi_NMH_BS_2,DupiS2,Dupi,5,1,4,0.834424343398711,1
260406_Dupi_NMH_BS_2,DupiS2,Dupi,6,1,4,0.939579254068876,1
260406_Dupi_NMH_BS_2,DupiS2,Dupi,7,1,4,0.837554510116063,1
260406_Dupi_NMH_BS_2,DupiS2,Dupi,8,1,4,0.997832194361562,1
260406_Dupi_NMH_BS_2,DupiS2,Dupi,9,1,4,0.158830071646969,1
260406_Dupi_NMH_BS_2,DupiS2,Dupi,10,1,4,0.715765507226477,1
260406_Dupi_NMH_BS_2,DupiS2,Dupi,11,1,4,0.98972841063676,1
260406_Dupi_NMH_BS_2,DupiS2,Dupi,12,1,4,0.956153273168528,1
260406_Dupi_NMH_BS_2,DupiS2,Dupi,13,1,4,0.882941381510589,1
260406_Dupi_NMH_BS_2,DupiS2,Dupi,14,1,4,0.990178089367993,1
260406_Dupi_NMH_BS_2,DupiS2,Dupi,15,1,4,0.559467388197336,1
260406_Dupi_NMH_BS_2,DupiS2,Dupi,16,1,4,-0.465323987923265,1
260406_Dupi_NMH_BS_2,DupiS2,Dupi,17,1,4,-0.0479603067021724,1
260406_Dupi_NMH_BS_2,DupiS2,Dupi,18,1,4,0.721123207965792,1
260406_Dupi_NMH_BS_2,DupiS2,Dupi,19,1,4,0.618542446658964,1
260406_Dupi_NMH_BS_2,DupiS2,Dupi,20,1,4,0.694258772486013,1
260406_Dupi_NMH_BS_2,DupiS2,Dupi,21,1,4,0.999956032712977,1
260406_Dupi_NMH_BS_2,DupiS2,Dupi,22,1,4,0.455641317081717,1
260406_Dupi_NMH_BS_2,DupiS2,Dupi,23,1,4,0.999507479781977,1
260406_Dupi_NMH_BS_2,DupiS2,Dupi,24,1,4,0.885473267970884,1
260406_Dupi_NMH_BS_2,DupiS2,Dupi,25,1,4,0.894637818553593,1
260406_Dupi_NMH_BS_2,DupiS2,Dupi,26,1,4,0.995383802978623,1
260406_Dupi_NMH_BS_2,DupiS2,Dupi,27,1,4,0.999707343307179,1
260406_Dupi_NMH_BS_2,DupiS2,Dupi,28,1,4,0.991268933220587,1
260406_Dupi_NMH_BS_2,DupiS2,Dupi,29,1,4,0.997876910835402,1
260406_Dupi_NMH_BS_2,DupiS2,Dupi,30,1,4,0.999648502413989,1
260406_Dupi_NMH_BS_2,DupiS2,Dupi,31,1,4,0.981381666784215,1
260406_Dupi_NMH_BS_2,DupiS2,Dupi,32,1,4,0.999813996667615,1
260406_Dupi_NMH_BS_2,DupiS2,Dupi,33,1,4,0.209180035440771,1
260406_Dupi_NMH_BS_2,DupiS2,Dupi,34,1,4,0.995826179804674,1
260406_Dupi_NMH_BS_2,DupiS2,Dupi,35,1,4,0.991532650494704,1
260406_Dupi_NMH_BS_2,DupiS2,Dupi,36,1,4,0.979434137495386,1
260406_Dupi_NMH_BS_2,DupiS2,Dupi,37,1,4,-0.661911480020199,1
260406_Dupi_NMH_BS_2,DupiS2,Dupi,38,1,4,0.976585958716841,1
260406_Dupi_NMH_BS_2,DupiS2,Dupi,39,1,4,0.126965214167759,1
260406_Dupi_NMH_BS_2,DupiS2,Dupi,40,1,4,0.999745391771654,1
260504_Dupi_NMH_JA_1,DupiS1,Dupi,1,1,5,0.60994137384029,1
260504_Dupi_NMH_JA_1,DupiS1,Dupi,2,1,5,0.859451150566545,1
260504_Dupi_NMH_JA_1,DupiS1,Dupi,3,1,5,0.977660863949634,1
260504_Dupi_NMH_JA_1,DupiS1,Dupi,4,1,5,0.968813973698677,1
260504_Dupi_NMH_JA_1,DupiS1,Dupi,5,1,5,0.699193145227293,1
260504_Dupi_NMH_JA_1,DupiS1,Dupi,6,1,5,-0.259476522687582,1
260504_Dupi_NMH_JA_1,DupiS1,Dupi,7,1,5,0.869689404771223,1
260504_Dupi_NMH_JA_1,DupiS1,Dupi,8,1,5,0.301583961257878,1
260504_Dupi_NMH_JA_1,DupiS1,Dupi,9,1,5,0.108398992701075,1
260504_Dupi_NMH_JA_1,DupiS1,Dupi,10,1,5,0.559255131071084,1
260504_Dupi_NMH_JA_1,DupiS1,Dupi,11,1,5,-0.311584325300461,1
260504_Dupi_NMH_JA_1,DupiS1,Dupi,12,1,5,0.733465715165339,1
260504_Dupi_NMH_JA_1,DupiS1,Dupi,13,1,5,0.884170552722445,1
260504_Dupi_NMH_JA_1,DupiS1,Dupi,14,1,5,-0.0123434144278235,1
260504_Dupi_NMH_JA_1,DupiS1,Dupi,15,1,5,-0.217046126884289,1
260504_Dupi_NMH_JA_1,DupiS1,Dupi,16,1,5,-0.186361606271384,1
260504_Dupi_NMH_JA_1,DupiS1,Dupi,17,1,5,0.551996409646427,1
260504_Dupi_NMH_JA_1,DupiS1,Dupi,18,1,5,0.190328179527599,1
260504_Dupi_NMH_JA_1,DupiS1,Dupi,19,1,5,0.165497734907752,1
260504_Dupi_NMH_JA_1,DupiS1,Dupi,20,1,5,0.995615904222302,1
260504_Dupi_NMH_JA_1,DupiS1,Dupi,21,1,5,0.470368394126988,1
260504_Dupi_NMH_JA_1,DupiS1,Dupi,22,1,5,0.747523846981104,1
260504_Dupi_NMH_JA_1,DupiS1,Dupi,23,1,5,0.45394246672555,1
260504_Dupi_NMH_JA_1,DupiS1,Dupi,24,1,5,-0.0321760452820249,1
260504_Dupi_NMH_JA_1,DupiS1,Dupi,25,1,5,0.665290343700906,1
260504_Dupi_NMH_JA_1,DupiS1,Dupi,26,1,5,0.984295261752847,1
260504_Dupi_NMH_JA_1,DupiS1,Dupi,27,1,5,0.867041843922804,1
260504_Dupi_NMH_JA_1,DupiS1,Dupi,28,1,5,-0.267180447786056,1
260504_Dupi_NMH_JA_1,DupiS1,Dupi,29,1,5,0.783271647571579,1
260504_Dupi_NMH_JA_1,DupiS1,Dupi,30,1,5,0.266013934855235,1
260504_Dupi_NMH_JA_1,DupiS1,Dupi,31,1,5,0.0998285121050957,1
260504_Dupi_NMH_JA_1,DupiS1,Dupi,32,1,5,0.133727303257368,1
260504_Dupi_NMH_JA_1,DupiS1,Dupi,33,1,5,0.264126155987154,1
260504_Dupi_NMH_JA_1,DupiS1,Dupi,34,1,5,0.747881284029033,1
260504_Dupi_NMH_JA_1,DupiS1,Dupi,35,1,5,0.980502598734759,1
260504_Dupi_NMH_JA_1,DupiS1,Dupi,36,1,5,0.908371187616348,1
260504_Dupi_NMH_JA_1,DupiS1,Dupi,37,1,5,0.980498049626614,1
260504_Dupi_NMH_JA_1,DupiS1,Dupi,38,1,5,0.987480276633315,1
260504_Dupi_NMH_JA_1,DupiS1,Dupi,39,1,5,0.959951960967506,1
260504_Dupi_NMH_JA_1,DupiS1,Dupi,40,1,5,0.97800572538639,1
260514_OBE_NWU_BW_1,Control,OBE,1,1,3,0.143129952772634,1
260514_OBE_NWU_BW_1,Control,OBE,2,1,3,-0.133703423961391,1
260514_OBE_NWU_BW_1,Control,OBE,3,1,3,0.983418488571115,1
260514_OBE_NWU_BW_1,Control,OBE,4,1,3,0.975668148270874,1
260514_OBE_NWU_BW_1,Control,OBE,5,1,3,0.626846204080974,1
260514_OBE_NWU_BW_1,Control,OBE,6,1,3,0.999901680423572,1
260514_OBE_NWU_BW_1,Control,OBE,7,1,3,0.997396361852813,1
260514_OBE_NWU_BW_1,Control,OBE,8,1,3,0.999573691136998,1
260514_OBE_NWU_BW_1,Control,OBE,9,1,3,0.992818701444541,1
260514_OBE_NWU_BW_1,Control,OBE,10,1,3,-0.183519318100326,1
260514_OBE_NWU_BW_1,Control,OBE,11,1,3,0.899546076087738,1
260514_OBE_NWU_BW_1,Control,OBE,12,1,3,0.39333129535036,1
260514_OBE_NWU_BW_1,Control,OBE,13,1,3,-0.0340524381879785,1
260514_OBE_NWU_BW_1,Control,OBE,14,1,3,0.616020624197568,1
260514_OBE_NWU_BW_1,Control,OBE,15,1,3,0.965875814046134,1
260514_OBE_NWU_BW_1,Control,OBE,16,1,3,0.0870794475501863,1
260514_OBE_NWU_BW_1,Control,OBE,17,1,3,0.967692276380011,1
260514_OBE_NWU_BW_1,Control,OBE,18,1,3,0.99276147543474,1
260514_OBE_NWU_BW_1,Control,OBE,19,1,3,0.940721915139426,1
260514_OBE_NWU_BW_1,Control,OBE,20,1,3,0.970149849881892,1
260514_OBE_NWU_BW_1,Control,OBE,21,1,3,0.670894797509235,1
260514_OBE_NWU_BW_1,Control,OBE,22,1,3,0.567892536203617,1
260514_OBE_NWU_BW_1,Control,OBE,23,1,3,-0.981034863114218,1
260514_OBE_NWU_BW_1,Control,OBE,24,1,3,0.902292087378517,1
260514_OBE_NWU_BW_1,Control,OBE,25,1,3,0.999982620377028,1
260514_OBE_NWU_BW_1,Control,OBE,26,1,3,-0.652937564647904,1
260514_OBE_NWU_BW_1,Control,OBE,27,1,3,0.997411246228072,1
260514_OBE_NWU_BW_1,Control,OBE,28,1,3,0.0788804411669767,1
260514_OBE_NWU_BW_1,Control,OBE,29,1,3,0.953160549376564,1
260514_OBE_NWU_BW_1,Control,OBE,30,1,3,0.450545486926896,1
260514_OBE_NWU_BW_1,Control,OBE,31,1,3,0.93605096337702,1
260514_OBE_NWU_BW_1,Control,OBE,32,1,3,0.971577130268177,1
260514_OBE_NWU_BW_1,Control,OBE,33,1,3,0.997498325968594,1
260514_OBE_NWU_BW_1,Control,OBE,34,1,3,0.505613499314859,1
260514_OBE_NWU_BW_1,Control,OBE,35,1,3,0.64730778877066,1
260514_OBE_NWU_BW_1,Control,OBE,36,1,3,0.938238373985595,1
260514_OBE_NWU_BW_1,Control,OBE,37,1,3,0.638767124258706,1
260514_OBE_NWU_BW_1,Control,OBE,38,1,3,0.569612171994117,1
260514_OBE_NWU_BW_1,Control,OBE,39,1,3,0.731654739595569,1
260514_OBE_NWU_BW_1,Control,OBE,40,1,3,0.994315500580978,1
230611_OBE_NMH_AZ,Control,OBE,1,1,5,0.508038250616078,1
230611_OBE_NMH_AZ,Control,OBE,2,1,5,0.148201698124657,1
230611_OBE_NMH_AZ,Control,OBE,3,1,5,0.860602976560263,1
230611_OBE_NMH_AZ,Control,OBE,4,1,5,0.431416027954429,1
230611_OBE_NMH_AZ,Control,OBE,5,1,5,0.305643247458104,1
230611_OBE_NMH_AZ,Control,OBE,6,1,5,0.684615042912059,1
230611_OBE_NMH_AZ,Control,OBE,7,1,5,-0.260838329531662,1
230611_OBE_NMH_AZ,Control,OBE,8,1,5,0.998810781139858,1
230611_OBE_NMH_AZ,Control,OBE,9,1,5,0.978842785622886,1
230611_OBE_NMH_AZ,Control,OBE,10,1,5,0.0917008495534867,1
230611_OBE_NMH_AZ,Control,OBE,11,1,5,0.701240793597516,1
230611_OBE_NMH_AZ,Control,OBE,12,1,5,-0.127361203157263,1
230611_OBE_NMH_AZ,Control,OBE,13,1,5,0.402946346278907,1
230611_OBE_NMH_AZ,Control,OBE,14,1,5,0.254951739558875,1
230611_OBE_NMH_AZ,Control,OBE,15,1,5,0.414647215486,1
230611_OBE_NMH_AZ,Control,OBE,16,1,5,0.922418950905295,1
230611_OBE_NMH_AZ,Control,OBE,17,1,5,0.20044052797331,1
230611_OBE_NMH_AZ,Control,OBE,18,1,5,0.164622225313574,1
230611_OBE_NMH_AZ,Control,OBE,19,1,5,0.735467057408874,1
230611_OBE_NMH_AZ,Control,OBE,20,1,5,0.82641914050622,1
230611_OBE_NMH_AZ,Control,OBE,21,1,5,0.785824135871578,1
230611_OBE_NMH_AZ,Control,OBE,22,1,5,0.849234838743372,1
230611_OBE_NMH_AZ,Control,OBE,23,1,5,0.840633527116316,1
230611_OBE_NMH_AZ,Control,OBE,24,1,5,0.998849809632143,1
230611_OBE_NMH_AZ,Control,OBE,25,1,5,0.988827849899397,1
230611_OBE_NMH_AZ,Control,OBE,26,1,5,0.805778702831572,1
230611_OBE_NMH_AZ,Control,OBE,27,1,5,0.832915897102491,1
230611_OBE_NMH_AZ,Control,OBE,28,1,5,-0.219669484328223,1
230611_OBE_NMH_AZ,Control,OBE,29,1,5,0.0246118488280437,1
230611_OBE_NMH_AZ,Control,OBE,30,1,5,0.872086248984428,1
230611_OBE_NMH_AZ,Control,OBE,31,1,5,0.933359594855541,1
230611_OBE_NMH_AZ,Control,OBE,32,1,5,0.774618521563909,1
230611_OBE_NMH_AZ,Control,OBE,33,1,5,-0.0154229717121355,1
230611_OBE_NMH_AZ,Control,OBE,34,1,5,0.856683103199737,1
230611_OBE_NMH_AZ,Control,OBE,35,1,5,0.948742052943618,1
230611_OBE_NMH_AZ,Control,OBE,36,1,5,0.508446870924127,1
230611_OBE_NMH_AZ,Control,OBE,37,1,5,0.57795771133539,1
230611_OBE_NMH_AZ,Control,OBE,38,1,5,0.931463184903401,1
230611_OBE_NMH_AZ,Control,OBE,39,1,5,0.893237336792925,1
230611_OBE_NMH_AZ,Control,OBE,40,1,5,0.841047593169791,1
241017_OBE_NMH_AS,Control,OBE,1,1,5,0.998794380101096,1
241017_OBE_NMH_AS,Control,OBE,2,1,5,0.759002799650745,1
241017_OBE_NMH_AS,Control,OBE,3,1,5,0.934107586571623,1
241017_OBE_NMH_AS,Control,OBE,4,1,5,0.0812202561952901,1
241017_OBE_NMH_AS,Control,OBE,5,1,5,0.979386327353397,1
241017_OBE_NMH_AS,Control,OBE,6,1,5,0.999902742786854,1
241017_OBE_NMH_AS,Control,OBE,7,1,5,-0.194537830007747,1
241017_OBE_NMH_AS,Control,OBE,8,1,5,0.335027265220807,1
241017_OBE_NMH_AS,Control,OBE,9,1,5,0.657315256410849,1
241017_OBE_NMH_AS,Control,OBE,10,1,5,0.799470636248442,1
241017_OBE_NMH_AS,Control,OBE,11,1,5,0.267549796245846,1
241017_OBE_NMH_AS,Control,OBE,12,1,5,0.810589771310344,1
241017_OBE_NMH_AS,Control,OBE,13,1,5,0.960829121946924,1
241017_OBE_NMH_AS,Control,OBE,14,1,5,0.958376700433973,1
241017_OBE_NMH_AS,Control,OBE,15,1,5,0.791828747527199,1
241017_OBE_NMH_AS,Control,OBE,16,1,5,0.856524418932367,1
241017_OBE_NMH_AS,Control,OBE,17,1,5,0.900637480205968,1
241017_OBE_NMH_AS,Control,OBE,18,1,5,0.447303105720344,1
241017_OBE_NMH_AS,Control,OBE,19,1,5,0.979357440075687,1
241017_OBE_NMH_AS,Control,OBE,20,1,5,0.279641625712988,1
241017_OBE_NMH_AS,Control,OBE,21,1,5,0.868469174411487,1
241017_OBE_NMH_AS,Control,OBE,22,1,5,0.839143457896873,1
241017_OBE_NMH_AS,Control,OBE,23,1,5,0.225334321725957,1
241017_OBE_NMH_AS,Control,OBE,24,1,5,0.294517494976152,1
241017_OBE_NMH_AS,Control,OBE,25,1,5,0.704698083475002,1
241017_OBE_NMH_AS,Control,OBE,26,1,5,-0.0554742288794385,1
241017_OBE_NMH_AS,Control,OBE,27,1,5,0.956614680260092,1
241017_OBE_NMH_AS,Control,OBE,28,1,5,0.958227429248214,1
241017_OBE_NMH_AS,Control,OBE,29,1,5,0.99566256363922,1
241017_OBE_NMH_AS,Control,OBE,30,1,5,0.993344733830797,1
241017_OBE_NMH_AS,Control,OBE,31,1,5,0.742993584363422,1
241017_OBE_NMH_AS,Control,OBE,32,1,5,0.907017797425278,1
241017_OBE_NMH_AS,Control,OBE,33,1,5,0.645346265333024,1
241017_OBE_NMH_AS,Control,OBE,34,1,5,0.978908963925138,1
241017_OBE_NMH_AS,Control,OBE,35,1,5,0.975843462663011,1
241017_OBE_NMH_AS,Control,OBE,36,1,5,0.987318938237044,1
241017_OBE_NMH_AS,Control,OBE,37,1,5,0.92026873698086,1
241017_OBE_NMH_AS,Control,OBE,38,1,5,0.834239802999472,1
241017_OBE_NMH_AS,Control,OBE,39,1,5,0.855401918681305,1
241017_OBE_NMH_AS,Control,OBE,40,1,5,0.998995602409079,1
240923_OBE_NMH_HRM,Control,OBE,1,0,5,,
240923_OBE_NMH_HRM,Control,OBE,2,0,5,,
240923_OBE_NMH_HRM,Control,OBE,3,0,5,,
240923_OBE_NMH_HRM,Control,OBE,4,0,5,,
240923_OBE_NMH_HRM,Control,OBE,5,0,5,,
240923_OBE_NMH_HRM,Control,OBE,6,0,5,,
240923_OBE_NMH_HRM,Control,OBE,7,0,5,,
240923_OBE_NMH_HRM,Control,OBE,8,0,5,,
240923_OBE_NMH_HRM,Control,OBE,9,0,5,,
240923_OBE_NMH_HRM,Control,OBE,10,0,5,,
240923_OBE_NMH_HRM,Control,OBE,11,0,5,,
240923_OBE_NMH_HRM,Control,OBE,12,0,5,,
240923_OBE_NMH_HRM,Control,OBE,13,0,5,,
240923_OBE_NMH_HRM,Control,OBE,14,0,5,,
240923_OBE_NMH_HRM,Control,OBE,15,0,5,,
240923_OBE_NMH_HRM,Control,OBE,16,0,5,,
240923_OBE_NMH_HRM,Control,OBE,17,0,5,,
240923_OBE_NMH_HRM,Control,OBE,18,0,5,,
240923_OBE_NMH_HRM,Control,OBE,19,0,5,,
240923_OBE_NMH_HRM,Control,OBE,20,0,5,,
240923_OBE_NMH_HRM,Control,OBE,21,0,5,,
240923_OBE_NMH_HRM,Control,OBE,22,0,5,,
240923_OBE_NMH_HRM,Control,OBE,23,0,5,,
240923_OBE_NMH_HRM,Control,OBE,24,0,5,,
240923_OBE_NMH_HRM,Control,OBE,25,0,5,,
240923_OBE_NMH_HRM,Control,OBE,26,0,5,,
240923_OBE_NMH_HRM,Control,OBE,27,0,5,,
240923_OBE_NMH_HRM,Control,OBE,28,0,5,,
240923_OBE_NMH_HRM,Control,OBE,29,0,5,,
240923_OBE_NMH_HRM,Control,OBE,30,0,5,,
240923_OBE_NMH_HRM,Control,OBE,31,0,5,,
240923_OBE_NMH_HRM,Control,OBE,32,0,5,,
240923_OBE_NMH_HRM,Control,OBE,33,0,5,,
240923_OBE_NMH_HRM,Control,OBE,34,0,5,,
240923_OBE_NMH_HRM,Control,OBE,35,0,5,,
240923_OBE_NMH_HRM,Control,OBE,36,0,5,,
240923_OBE_NMH_HRM,Control,OBE,37,0,5,,
240923_OBE_NMH_HRM,Control,OBE,38,0,5,,
240923_OBE_NMH_HRM,Control,OBE,39,0,5,,
240923_OBE_NMH_HRM,Control,OBE,40,0,5,NaN,0
250310_OBE_NMH_FS,Control,OBE,1,1,5,0.999597197398433,1
250310_OBE_NMH_FS,Control,OBE,2,1,5,0.999297597297474,1
250310_OBE_NMH_FS,Control,OBE,3,1,5,0.999700041830026,1
250310_OBE_NMH_FS,Control,OBE,4,1,5,0.99968645105304,1
250310_OBE_NMH_FS,Control,OBE,5,1,5,0.999467064579277,1
250310_OBE_NMH_FS,Control,OBE,6,1,5,0.996427227078859,1
250310_OBE_NMH_FS,Control,OBE,7,1,5,0.997059613438381,1
250310_OBE_NMH_FS,Control,OBE,8,1,5,0.998624882455835,1
250310_OBE_NMH_FS,Control,OBE,9,1,5,0.999718333013562,1
250310_OBE_NMH_FS,Control,OBE,10,1,5,0.999569504866901,1
250310_OBE_NMH_FS,Control,OBE,11,1,5,0.999826656446899,1
250310_OBE_NMH_FS,Control,OBE,12,1,5,0.99949492301326,1
250310_OBE_NMH_FS,Control,OBE,13,1,5,0.91813306842422,1
250310_OBE_NMH_FS,Control,OBE,14,1,5,0.999907437505301,1
250310_OBE_NMH_FS,Control,OBE,15,1,5,0.999735686448286,1
250310_OBE_NMH_FS,Control,OBE,16,1,5,0.993141129712727,1
250310_OBE_NMH_FS,Control,OBE,17,1,5,0.991712589015673,1
250310_OBE_NMH_FS,Control,OBE,18,1,5,0.998655811897722,1
250310_OBE_NMH_FS,Control,OBE,19,1,5,0.999593033260463,1
250310_OBE_NMH_FS,Control,OBE,20,1,5,0.999974208627755,1
250310_OBE_NMH_FS,Control,OBE,21,1,5,0.981611992225343,1
250310_OBE_NMH_FS,Control,OBE,22,1,5,0.999856071398644,1
250310_OBE_NMH_FS,Control,OBE,23,1,5,0.999979600755518,1
250310_OBE_NMH_FS,Control,OBE,24,1,5,0.999917173767861,1
250310_OBE_NMH_FS,Control,OBE,25,1,5,0.997367899193955,1
250310_OBE_NMH_FS,Control,OBE,26,1,5,0.997976484981507,1
250310_OBE_NMH_FS,Control,OBE,27,1,5,0.999755992612897,1
250310_OBE_NMH_FS,Control,OBE,28,1,5,0.991360826837995,1
250310_OBE_NMH_FS,Control,OBE,29,1,5,0.999764748462963,1
250310_OBE_NMH_FS,Control,OBE,30,1,5,0.999382221291979,1
250310_OBE_NMH_FS,Control,OBE,31,1,5,0.999900443022993,1
250310_OBE_NMH_FS,Control,OBE,32,1,5,0.997119956536391,1
250310_OBE_NMH_FS,Control,OBE,33,1,5,0.99983549295778,1
250310_OBE_NMH_FS,Control,OBE,34,1,5,0.999710737903157,1
250310_OBE_NMH_FS,Control,OBE,35,1,5,0.99999280067935,1
250310_OBE_NMH_FS,Control,OBE,36,1,5,0.982657996579069,1
250310_OBE_NMH_FS,Control,OBE,37,1,5,0.999837471654657,1
250310_OBE_NMH_FS,Control,OBE,38,1,5,0.853009469483871,1
250310_OBE_NMH_FS,Control,OBE,39,1,5,0.998813896448752,1
250310_OBE_NMH_FS,Control,OBE,40,1,5,0.999747140379672,1
250313_OBE_NMH_CS,Control,OBE,1,1,5,0.706627405518909,1
250313_OBE_NMH_CS,Control,OBE,2,1,5,0.78673020221681,1
250313_OBE_NMH_CS,Control,OBE,3,1,5,0.975464077447956,1
250313_OBE_NMH_CS,Control,OBE,4,1,5,0.036160319239605,1
250313_OBE_NMH_CS,Control,OBE,5,1,5,0.864108544113056,1
250313_OBE_NMH_CS,Control,OBE,6,1,5,0.557819504486536,1
250313_OBE_NMH_CS,Control,OBE,7,1,5,0.942264084420128,1
250313_OBE_NMH_CS,Control,OBE,8,1,5,0.52238213547256,1
250313_OBE_NMH_CS,Control,OBE,9,1,5,0.962056780484761,1
250313_OBE_NMH_CS,Control,OBE,10,1,5,0.959429903422101,1
250313_OBE_NMH_CS,Control,OBE,11,1,5,0.079833787429467,1
250313_OBE_NMH_CS,Control,OBE,12,1,5,0.915843922891152,1
250313_OBE_NMH_CS,Control,OBE,13,1,5,0.733519386614259,1
250313_OBE_NMH_CS,Control,OBE,14,1,5,0.789295532258108,1
250313_OBE_NMH_CS,Control,OBE,15,1,5,0.930912632932413,1
250313_OBE_NMH_CS,Control,OBE,16,1,5,0.820485839454945,1
250313_OBE_NMH_CS,Control,OBE,17,1,5,0.169613311339012,1
250313_OBE_NMH_CS,Control,OBE,18,1,5,0.796765684062223,1
250313_OBE_NMH_CS,Control,OBE,19,1,5,0.307932628316767,1
250313_OBE_NMH_CS,Control,OBE,20,1,5,0.994608526041086,1
250313_OBE_NMH_CS,Control,OBE,21,1,5,0.13468127958845,1
250313_OBE_NMH_CS,Control,OBE,22,1,5,0.995867381401911,1
250313_OBE_NMH_CS,Control,OBE,23,1,5,0.877197948023437,1
250313_OBE_NMH_CS,Control,OBE,24,1,5,0.817841342765365,1
250313_OBE_NMH_CS,Control,OBE,25,1,5,0.0157453165137191,1
250313_OBE_NMH_CS,Control,OBE,26,1,5,-0.318730230752287,1
250313_OBE_NMH_CS,Control,OBE,27,1,5,0.795032088054513,1
250313_OBE_NMH_CS,Control,OBE,28,1,5,0.586318115435368,1
250313_OBE_NMH_CS,Control,OBE,29,1,5,0.260039821672046,1
250313_OBE_NMH_CS,Control,OBE,30,1,5,0.385691629636724,1
250313_OBE_NMH_CS,Control,OBE,31,1,5,0.95333471137894,1
250313_OBE_NMH_CS,Control,OBE,32,1,5,0.812647898147083,1
250313_OBE_NMH_CS,Control,OBE,33,1,5,0.238954445841392,1
250313_OBE_NMH_CS,Control,OBE,34,1,5,0.925289313847346,1
250313_OBE_NMH_CS,Control,OBE,35,1,5,0.791761738604742,1
250313_OBE_NMH_CS,Control,OBE,36,1,5,0.965921661874762,1
250313_OBE_NMH_CS,Control,OBE,37,1,5,0.846467567603199,1
250313_OBE_NMH_CS,Control,OBE,38,1,5,0.927881539327159,1
250313_OBE_NMH_CS,Control,OBE,39,1,5,0.986596600773004,1
250623_Dupi_NMH_KS_1,DupiS1,Dupi,1,1,4,0.803780369536262,1
250623_Dupi_NMH_KS_1,DupiS1,Dupi,2,1,4,-0.461548118411723,1
250623_Dupi_NMH_KS_1,DupiS1,Dupi,3,1,4,0.917960656617845,1
250623_Dupi_NMH_KS_1,DupiS1,Dupi,4,1,4,0.911112440268552,1
250623_Dupi_NMH_KS_1,DupiS1,Dupi,5,1,4,0.821152653538975,1
250623_Dupi_NMH_KS_1,DupiS1,Dupi,6,1,4,0.924993952523405,1
250623_Dupi_NMH_KS_1,DupiS1,Dupi,7,1,4,0.997984329001321,1
250623_Dupi_NMH_KS_1,DupiS1,Dupi,8,1,4,-0.0576752191646669,1
250623_Dupi_NMH_KS_1,DupiS1,Dupi,9,1,4,0.429029757784748,1
250623_Dupi_NMH_KS_1,DupiS1,Dupi,10,1,4,-0.0316277972193779,1
250623_Dupi_NMH_KS_1,DupiS1,Dupi,11,1,4,0.999598321219376,1
250623_Dupi_NMH_KS_1,DupiS1,Dupi,12,1,4,0.940523733841109,1
250623_Dupi_NMH_KS_1,DupiS1,Dupi,13,1,4,0.763839508800432,1
250623_Dupi_NMH_KS_1,DupiS1,Dupi,14,1,4,0.694532274735488,1
250623_Dupi_NMH_KS_1,DupiS1,Dupi,15,1,4,0.730468936072792,1
250623_Dupi_NMH_KS_1,DupiS1,Dupi,16,1,4,0.997104845582047,1
250623_Dupi_NMH_KS_1,DupiS1,Dupi,17,1,4,0.950966407301195,1
250623_Dupi_NMH_KS_1,DupiS1,Dupi,18,1,4,-0.589517948368787,1
250623_Dupi_NMH_KS_1,DupiS1,Dupi,19,1,4,0.911600528687838,1
250623_Dupi_NMH_KS_1,DupiS1,Dupi,20,1,4,-0.13175263109528,1
250623_Dupi_NMH_KS_1,DupiS1,Dupi,21,1,4,0.439444292373969,1
250623_Dupi_NMH_KS_1,DupiS1,Dupi,22,1,4,0.996759874996233,1
250623_Dupi_NMH_KS_1,DupiS1,Dupi,23,1,4,-0.151844667792189,1
250623_Dupi_NMH_KS_1,DupiS1,Dupi,24,1,4,0.995077617485412,1
250623_Dupi_NMH_KS_1,DupiS1,Dupi,25,1,4,0.999433530883264,1
250623_Dupi_NMH_KS_1,DupiS1,Dupi,26,1,4,0.42952575039228,1
250623_Dupi_NMH_KS_1,DupiS1,Dupi,27,1,4,0.651977033773652,1
250623_Dupi_NMH_KS_1,DupiS1,Dupi,28,1,4,0.546646706964132,1
250623_Dupi_NMH_KS_1,DupiS1,Dupi,29,1,4,0.914426719604036,1
250623_Dupi_NMH_KS_1,DupiS1,Dupi,30,1,4,-0.660564475098048,1
250623_Dupi_NMH_KS_1,DupiS1,Dupi,31,1,4,0.17632205199821,1
250623_Dupi_NMH_KS_1,DupiS1,Dupi,32,1,4,0.974348715907179,1
250623_Dupi_NMH_KS_1,DupiS1,Dupi,33,1,4,0.0976706994757599,1
250623_Dupi_NMH_KS_1,DupiS1,Dupi,34,1,4,0.990647980287073,1
250623_Dupi_NMH_KS_1,DupiS1,Dupi,35,1,4,0.859942646330128,1
250623_Dupi_NMH_KS_1,DupiS1,Dupi,36,1,4,0.176889285922976,1
250623_Dupi_NMH_KS_1,DupiS1,Dupi,37,1,4,0.690842481995389,1
250623_Dupi_NMH_KS_1,DupiS1,Dupi,38,1,4,0.963774093677048,1
250623_Dupi_NMH_KS_1,DupiS1,Dupi,39,1,4,0.989078366499201,1
250623_Dupi_NMH_KS_1,DupiS1,Dupi,40,1,4,0.539113606521987,1
250623_Dupi_NMH_KS_2,DupiS2,Dupi,1,1,5,-0.323100177949911,1
250623_Dupi_NMH_KS_2,DupiS2,Dupi,2,1,5,0.909556296097706,1
250623_Dupi_NMH_KS_2,DupiS2,Dupi,3,1,5,0.0415086716228792,1
250623_Dupi_NMH_KS_2,DupiS2,Dupi,4,1,5,0.247210709453622,1
250623_Dupi_NMH_KS_2,DupiS2,Dupi,5,1,5,0.826755923944414,1
250623_Dupi_NMH_KS_2,DupiS2,Dupi,6,1,5,-0.0384717169187892,1
250623_Dupi_NMH_KS_2,DupiS2,Dupi,7,1,5,-0.171044961173165,1
250623_Dupi_NMH_KS_2,DupiS2,Dupi,8,1,5,0.593145230845796,1
250623_Dupi_NMH_KS_2,DupiS2,Dupi,9,1,5,0.0555838802663548,1
250623_Dupi_NMH_KS_2,DupiS2,Dupi,10,1,5,0.612625460623638,1
250623_Dupi_NMH_KS_2,DupiS2,Dupi,11,1,5,0.884834236663589,1
250623_Dupi_NMH_KS_2,DupiS2,Dupi,12,1,5,0.789623230177572,1
250623_Dupi_NMH_KS_2,DupiS2,Dupi,13,1,5,0.880201979232684,1
250623_Dupi_NMH_KS_2,DupiS2,Dupi,14,1,5,0.816234587149753,1
250623_Dupi_NMH_KS_2,DupiS2,Dupi,15,1,5,0.340585886009859,1
250623_Dupi_NMH_KS_2,DupiS2,Dupi,16,1,5,0.539558826517984,1
250623_Dupi_NMH_KS_2,DupiS2,Dupi,17,1,5,0.909461181735765,1
250623_Dupi_NMH_KS_2,DupiS2,Dupi,18,1,5,0.889633223631304,1
250623_Dupi_NMH_KS_2,DupiS2,Dupi,19,1,5,0.808031226690105,1
250623_Dupi_NMH_KS_2,DupiS2,Dupi,20,1,5,0.330687789728578,1
250623_Dupi_NMH_KS_2,DupiS2,Dupi,21,1,5,0.525120011876554,1
250623_Dupi_NMH_KS_2,DupiS2,Dupi,22,1,5,0.709158877544897,1
250623_Dupi_NMH_KS_2,DupiS2,Dupi,23,1,5,0.259697511703534,1
250623_Dupi_NMH_KS_2,DupiS2,Dupi,24,1,5,0.775212318551887,1
250623_Dupi_NMH_KS_2,DupiS2,Dupi,25,1,5,0.985880366208855,1
250623_Dupi_NMH_KS_2,DupiS2,Dupi,26,1,5,0.113352671159154,1
250623_Dupi_NMH_KS_2,DupiS2,Dupi,27,1,5,0.680886872544036,1
250623_Dupi_NMH_KS_2,DupiS2,Dupi,28,1,5,0.600025043725807,1
250623_Dupi_NMH_KS_2,DupiS2,Dupi,29,1,5,0.998061867558465,1
250623_Dupi_NMH_KS_2,DupiS2,Dupi,30,1,5,0.0632713149706173,1
250623_Dupi_NMH_KS_2,DupiS2,Dupi,31,1,5,0.890323307023635,1
250623_Dupi_NMH_KS_2,DupiS2,Dupi,32,1,5,0.512040644942683,1
250623_Dupi_NMH_KS_2,DupiS2,Dupi,33,1,5,-0.405011221083446,1
250623_Dupi_NMH_KS_2,DupiS2,Dupi,34,1,5,-0.0200055023100876,1
250623_Dupi_NMH_KS_2,DupiS2,Dupi,35,1,5,0.85346933006665,1
250623_Dupi_NMH_KS_2,DupiS2,Dupi,36,1,5,-0.194933505783573,1
250623_Dupi_NMH_KS_2,DupiS2,Dupi,37,1,5,0.743299631696052,1
250623_Dupi_NMH_KS_2,DupiS2,Dupi,38,1,5,0.651950052936455,1
250623_Dupi_NMH_KS_2,DupiS2,Dupi,39,1,5,0.110433449034176,1
250623_Dupi_NMH_KS_2,DupiS2,Dupi,40,1,5,0.920449893750636,1
250818_Dupi_NMH_JH_1,DupiS1,Dupi,1,0,5,,
250818_Dupi_NMH_JH_1,DupiS1,Dupi,2,0,5,,
250818_Dupi_NMH_JH_1,DupiS1,Dupi,3,0,5,,
250818_Dupi_NMH_JH_1,DupiS1,Dupi,4,0,5,,
250818_Dupi_NMH_JH_1,DupiS1,Dupi,5,0,5,,
250818_Dupi_NMH_JH_1,DupiS1,Dupi,6,0,5,,
250818_Dupi_NMH_JH_1,DupiS1,Dupi,7,0,5,,
250818_Dupi_NMH_JH_1,DupiS1,Dupi,8,0,5,,
250818_Dupi_NMH_JH_1,DupiS1,Dupi,9,0,5,,
250818_Dupi_NMH_JH_1,DupiS1,Dupi,10,0,5,,
250818_Dupi_NMH_JH_1,DupiS1,Dupi,11,0,5,,
250818_Dupi_NMH_JH_1,DupiS1,Dupi,12,0,5,,
250818_Dupi_NMH_JH_1,DupiS1,Dupi,13,0,5,,
250818_Dupi_NMH_JH_1,DupiS1,Dupi,14,0,5,,
250818_Dupi_NMH_JH_1,DupiS1,Dupi,15,0,5,,
250818_Dupi_NMH_JH_1,DupiS1,Dupi,16,0,5,,
250818_Dupi_NMH_JH_1,DupiS1,Dupi,17,0,5,,
250818_Dupi_NMH_JH_1,DupiS1,Dupi,18,0,5,,
250818_Dupi_NMH_JH_1,DupiS1,Dupi,19,0,5,,
250818_Dupi_NMH_JH_1,DupiS1,Dupi,20,0,5,,
250818_Dupi_NMH_JH_1,DupiS1,Dupi,21,0,5,,
250818_Dupi_NMH_JH_1,DupiS1,Dupi,22,0,5,,
250818_Dupi_NMH_JH_1,DupiS1,Dupi,23,0,5,,
250818_Dupi_NMH_JH_1,DupiS1,Dupi,24,0,5,,
250818_Dupi_NMH_JH_1,DupiS1,Dupi,25,0,5,,
250818_Dupi_NMH_JH_1,DupiS1,Dupi,26,0,5,,
250818_Dupi_NMH_JH_1,DupiS1,Dupi,27,0,5,,
250818_Dupi_NMH_JH_1,DupiS1,Dupi,28,0,5,,
250818_Dupi_NMH_JH_1,DupiS1,Dupi,29,0,5,,
250818_Dupi_NMH_JH_1,DupiS1,Dupi,30,0,5,,
250818_Dupi_NMH_JH_1,DupiS1,Dupi,31,0,5,,
250818_Dupi_NMH_JH_1,DupiS1,Dupi,32,0,5,,
250818_Dupi_NMH_JH_1,DupiS1,Dupi,33,0,5,,
250818_Dupi_NMH_JH_1,DupiS1,Dupi,34,0,5,,
250818_Dupi_NMH_JH_1,DupiS1,Dupi,35,0,5,,
250818_Dupi_NMH_JH_1,DupiS1,Dupi,36,0,5,,
250818_Dupi_NMH_JH_1,DupiS1,Dupi,37,0,5,,
250818_Dupi_NMH_JH_1,DupiS1,Dupi,38,0,5,,
250818_Dupi_NMH_JH_1,DupiS1,Dupi,39,0,5,,
250818_Dupi_NMH_JH_1,DupiS1,Dupi,40,0,5,NaN,0
250818_Dupi_NMH_JH_2,DupiS2,Dupi,1,1,5,0.927936453828215,1
250818_Dupi_NMH_JH_2,DupiS2,Dupi,2,1,5,0.932205341067714,1
250818_Dupi_NMH_JH_2,DupiS2,Dupi,3,1,5,-0.165032989563231,1
250818_Dupi_NMH_JH_2,DupiS2,Dupi,4,1,5,0.992789749828118,1
250818_Dupi_NMH_JH_2,DupiS2,Dupi,5,1,5,0.941575783855727,1
250818_Dupi_NMH_JH_2,DupiS2,Dupi,6,1,5,0.950261125309259,1
250818_Dupi_NMH_JH_2,DupiS2,Dupi,7,1,5,-0.0501075797865453,1
250818_Dupi_NMH_JH_2,DupiS2,Dupi,8,1,5,0.981660359687589,1
250818_Dupi_NMH_JH_2,DupiS2,Dupi,9,1,5,0.975652778416737,1
250818_Dupi_NMH_JH_2,DupiS2,Dupi,10,1,5,-0.115571740748372,1
250818_Dupi_NMH_JH_2,DupiS2,Dupi,11,1,5,-0.546371763877841,1
250818_Dupi_NMH_JH_2,DupiS2,Dupi,12,1,5,0.438500409880737,1
250818_Dupi_NMH_JH_2,DupiS2,Dupi,13,1,5,-0.366835871014991,1
250818_Dupi_NMH_JH_2,DupiS2,Dupi,14,1,5,-0.128628931299726,1
250818_Dupi_NMH_JH_2,DupiS2,Dupi,15,1,5,0.912023954484725,1
250818_Dupi_NMH_JH_2,DupiS2,Dupi,16,1,5,-0.38820366440191,1
250818_Dupi_NMH_JH_2,DupiS2,Dupi,17,1,5,0.166519183015494,1
250818_Dupi_NMH_JH_2,DupiS2,Dupi,18,1,5,0.22105837298539,1
250818_Dupi_NMH_JH_2,DupiS2,Dupi,19,1,5,-0.0513446084054145,1
250818_Dupi_NMH_JH_2,DupiS2,Dupi,20,1,5,0.985716053655671,1
250818_Dupi_NMH_JH_2,DupiS2,Dupi,21,1,5,0.447209851194878,1
250818_Dupi_NMH_JH_2,DupiS2,Dupi,22,1,5,0.890062501331932,1
250818_Dupi_NMH_JH_2,DupiS2,Dupi,23,1,5,0.957451609677244,1
250818_Dupi_NMH_JH_2,DupiS2,Dupi,24,1,5,0.283239900796504,1
250818_Dupi_NMH_JH_2,DupiS2,Dupi,25,1,5,0.99826621732249,1
250818_Dupi_NMH_JH_2,DupiS2,Dupi,26,1,5,0.168371046058028,1
250818_Dupi_NMH_JH_2,DupiS2,Dupi,27,1,5,-0.581251406032755,1
250818_Dupi_NMH_JH_2,DupiS2,Dupi,28,1,5,-0.338363719661449,1
250818_Dupi_NMH_JH_2,DupiS2,Dupi,29,1,5,0.452878672328103,1
250818_Dupi_NMH_JH_2,DupiS2,Dupi,30,1,5,-0.135633215523068,1
250818_Dupi_NMH_JH_2,DupiS2,Dupi,31,1,5,0.822641327730925,1
250818_Dupi_NMH_JH_2,DupiS2,Dupi,32,1,5,0.759705777209157,1
250818_Dupi_NMH_JH_2,DupiS2,Dupi,33,1,5,0.409267658680081,1
250818_Dupi_NMH_JH_2,DupiS2,Dupi,34,1,5,0.964689412460785,1
250818_Dupi_NMH_JH_2,DupiS2,Dupi,35,1,5,0.947710689204608,1
250818_Dupi_NMH_JH_2,DupiS2,Dupi,36,1,5,0.736971830790355,1
250818_Dupi_NMH_JH_2,DupiS2,Dupi,37,1,5,0.975465760948986,1
250811_Dupi_NMH_TPB_1,DupiS1,Dupi,1,1,5,0.926613684436237,1
250811_Dupi_NMH_TPB_1,DupiS1,Dupi,2,1,5,0.845699535867552,1
250811_Dupi_NMH_TPB_1,DupiS1,Dupi,3,1,5,0.626417740998075,1
250811_Dupi_NMH_TPB_1,DupiS1,Dupi,4,1,5,0.54745311324876,1
250811_Dupi_NMH_TPB_1,DupiS1,Dupi,5,1,5,0.95181562865377,1
250811_Dupi_NMH_TPB_1,DupiS1,Dupi,6,1,5,-0.696700114603515,1
250811_Dupi_NMH_TPB_1,DupiS1,Dupi,7,1,5,0.989694537546506,1
250811_Dupi_NMH_TPB_1,DupiS1,Dupi,8,1,5,-0.112508517247449,1
250811_Dupi_NMH_TPB_1,DupiS1,Dupi,9,1,5,0.941988126086188,1
250811_Dupi_NMH_TPB_1,DupiS1,Dupi,10,1,5,-0.0957004413087118,1
250811_Dupi_NMH_TPB_1,DupiS1,Dupi,11,1,5,-0.944426940795972,1
250811_Dupi_NMH_TPB_1,DupiS1,Dupi,12,1,5,0.867417624684062,1
250811_Dupi_NMH_TPB_1,DupiS1,Dupi,13,1,5,0.381484377818661,1
250811_Dupi_NMH_TPB_1,DupiS1,Dupi,14,1,5,0.199905188790207,1
250811_Dupi_NMH_TPB_1,DupiS1,Dupi,15,1,5,0.650310665426607,1
250811_Dupi_NMH_TPB_1,DupiS1,Dupi,16,1,5,0.927244239999036,1
250811_Dupi_NMH_TPB_1,DupiS1,Dupi,17,1,5,0.786410154327071,1
250811_Dupi_NMH_TPB_1,DupiS1,Dupi,18,1,5,0.764177987339943,1
250811_Dupi_NMH_TPB_1,DupiS1,Dupi,19,1,5,0.172329599665099,1
250811_Dupi_NMH_TPB_1,DupiS1,Dupi,20,1,5,0.863591535997208,1
250811_Dupi_NMH_TPB_1,DupiS1,Dupi,21,1,5,0.526221935992006,1
250811_Dupi_NMH_TPB_1,DupiS1,Dupi,22,1,5,0.871124831718996,1
250811_Dupi_NMH_TPB_1,DupiS1,Dupi,23,1,5,0.274523237430879,1
250811_Dupi_NMH_TPB_1,DupiS1,Dupi,24,1,5,0.299135740803174,1
250811_Dupi_NMH_TPB_1,DupiS1,Dupi,25,1,5,0.674852046730676,1
250811_Dupi_NMH_TPB_1,DupiS1,Dupi,26,1,5,0.831343464977993,1
250811_Dupi_NMH_TPB_1,DupiS1,Dupi,27,1,5,0.0620442761762713,1
250811_Dupi_NMH_TPB_1,DupiS1,Dupi,28,1,5,0.89784088935151,1
250811_Dupi_NMH_TPB_1,DupiS1,Dupi,29,1,5,0.953609156981468,1
250811_Dupi_NMH_TPB_1,DupiS1,Dupi,30,1,5,0.981870427809955,1
250811_Dupi_NMH_TPB_1,DupiS1,Dupi,31,1,5,0.564853574750561,1
250811_Dupi_NMH_TPB_1,DupiS1,Dupi,32,1,5,0.678451513184396,1
250811_Dupi_NMH_TPB_1,DupiS1,Dupi,33,1,5,0.980930696808207,1
250811_Dupi_NMH_TPB_1,DupiS1,Dupi,34,1,5,-0.0619350937220135,1
250811_Dupi_NMH_TPB_1,DupiS1,Dupi,35,1,5,0.961292075793041,1
250811_Dupi_NMH_TPB_1,DupiS1,Dupi,36,1,5,0.618701763668117,1
250811_Dupi_NMH_TPB_1,DupiS1,Dupi,37,1,5,0.909817001634767,1
250811_Dupi_NMH_TPB_1,DupiS1,Dupi,38,1,5,0.0873850672300671,1
250811_Dupi_NMH_TB_2,DupiS2,Dupi,1,1,5,0.385563963463676,1
250811_Dupi_NMH_TB_2,DupiS2,Dupi,2,1,5,0.988387194958718,1
250811_Dupi_NMH_TB_2,DupiS2,Dupi,3,1,5,0.414279000756515,1
250811_Dupi_NMH_TB_2,DupiS2,Dupi,4,1,5,0.814265833345314,1
250811_Dupi_NMH_TB_2,DupiS2,Dupi,5,1,5,0.988614809794141,1
250811_Dupi_NMH_TB_2,DupiS2,Dupi,6,1,5,-0.0234511560441471,1
250811_Dupi_NMH_TB_2,DupiS2,Dupi,7,1,5,0.900690952810442,1
250811_Dupi_NMH_TB_2,DupiS2,Dupi,8,1,5,0.264974927048507,1
250811_Dupi_NMH_TB_2,DupiS2,Dupi,9,1,5,0.870217544577725,1
250811_Dupi_NMH_TB_2,DupiS2,Dupi,10,1,5,0.38335034021768,1
250811_Dupi_NMH_TB_2,DupiS2,Dupi,11,1,5,0.967226357275632,1
250811_Dupi_NMH_TB_2,DupiS2,Dupi,12,1,5,0.193428531291979,1
250811_Dupi_NMH_TB_2,DupiS2,Dupi,13,1,5,0.707030047155922,1
250811_Dupi_NMH_TB_2,DupiS2,Dupi,14,1,5,0.999234501042655,1
250811_Dupi_NMH_TB_2,DupiS2,Dupi,15,1,5,0.99521096872456,1
250811_Dupi_NMH_TB_2,DupiS2,Dupi,16,1,5,0.717220225216964,1
250811_Dupi_NMH_TB_2,DupiS2,Dupi,17,1,5,0.173038358030674,1
250811_Dupi_NMH_TB_2,DupiS2,Dupi,18,1,5,0.844333700865316,1
250811_Dupi_NMH_TB_2,DupiS2,Dupi,19,1,5,0.573158207265713,1
250811_Dupi_NMH_TB_2,DupiS2,Dupi,20,1,5,0.99410290607404,1
250811_Dupi_NMH_TB_2,DupiS2,Dupi,21,1,5,0.796116628969982,1
250811_Dupi_NMH_TB_2,DupiS2,Dupi,22,1,5,0.846526125596604,1
250811_Dupi_NMH_TB_2,DupiS2,Dupi,23,1,5,0.923329353492177,1
250811_Dupi_NMH_TB_2,DupiS2,Dupi,24,1,5,0.805777843643285,1
250811_Dupi_NMH_TB_2,DupiS2,Dupi,25,1,5,0.509973637151677,1
250811_Dupi_NMH_TB_2,DupiS2,Dupi,26,1,5,0.913125444346576,1
250811_Dupi_NMH_TB_2,DupiS2,Dupi,27,1,5,0.874469446149589,1
250811_Dupi_NMH_TB_2,DupiS2,Dupi,28,1,5,0.970037713807878,1
250811_Dupi_NMH_TB_2,DupiS2,Dupi,29,1,5,0.74457568216278,1
250811_Dupi_NMH_TB_2,DupiS2,Dupi,30,1,5,0.432954592106803,1
250811_Dupi_NMH_TB_2,DupiS2,Dupi,31,1,5,0.410625209739416,1
250811_Dupi_NMH_TB_2,DupiS2,Dupi,32,1,5,0.987228040752382,1
250811_Dupi_NMH_TB_2,DupiS2,Dupi,33,1,5,0.988886706390779,1
250811_Dupi_NMH_TB_2,DupiS2,Dupi,34,1,5,0.955262392513554,1
250811_Dupi_NMH_TB_2,DupiS2,Dupi,35,1,5,0.741569865180616,1
250811_Dupi_NMH_TB_2,DupiS2,Dupi,36,1,5,-0.0734694399072794,1
250811_Dupi_NMH_TB_2,DupiS2,Dupi,37,1,5,0.116950004034148,1
